Timestamp,Arbitration_ID,DLC,Data
1788182040.9039667,0x120,4,10 04 5f 00
1788182041.0044887,0x120,4,10 36 60 00
1788182041.104719,0x120,4,10 68 61 00
1788182041.2050273,0x120,4,10 9a 62 00
1788182041.3085794,0x120,4,10 cc 63 00
1788182041.4090676,0x120,4,10 fe 64 00
1788182041.509467,0x120,4,11 30 65 00
1788182041.609935,0x120,4,11 62 66 00
1788182041.7102513,0x120,4,11 94 67 00
1788182041.810399,0x120,4,03 20 68 00
1788182041.9105303,0x120,4,03 52 69 00
1788182042.0108626,0x120,4,03 84 6a 00
1788182042.1115937,0x120,4,03 b6 6b 00
1788182042.211948,0x120,4,03 e8 6c 00
1788182042.3122296,0x120,4,04 1a 6d 00
1788182042.4123747,0x120,4,04 4c 6e 00
1788182042.5126247,0x120,4,04 7e 6f 00
1788182042.6130133,0x120,4,04 b0 70 00
1788182042.7289577,0x120,4,04 e2 71 00
1788182042.8293796,0x120,4,05 14 72 00
1788182042.9296267,0x120,4,05 46 73 00
1788182043.0300047,0x120,4,05 78 74 00
1788182043.1306112,0x120,4,05 aa 75 00
1788182043.2308402,0x120,4,05 dc 76 00
1788182043.3315663,0x120,4,06 0e 77 00
1788182043.4320667,0x120,4,06 40 78 00
1788182043.5347633,0x120,4,06 72 00 00
1788182043.6353085,0x120,4,06 a4 01 00
1788182043.7355292,0x120,4,06 d6 02 00
1788182043.8370051,0x120,4,07 08 03 00
1788182043.9373205,0x120,4,07 3a 04 00
1788182044.0377636,0x120,4,07 6c 05 00
1788182044.1384404,0x120,4,07 9e 06 00
1788182044.2388635,0x120,4,07 d0 07 00
1788182044.3390934,0x120,4,08 02 08 00
1788182044.4393556,0x120,4,08 34 09 00
1788182044.5418868,0x120,4,08 66 0a 00
1788182044.642047,0x120,4,08 98 0b 00
1788182044.74227,0x120,4,08 ca 0c 00
1788182044.8423884,0x120,4,08 fc 0d 00
1788182044.942987,0x120,4,09 2e 0e 00
1788182045.0453942,0x120,4,09 60 0f 00
1788182045.1459491,0x120,4,09 92 10 00
1788182045.246253,0x120,4,09 c4 11 00
1788182045.357164,0x120,4,09 f6 12 00
1788182045.4578924,0x120,4,0a 28 13 00
1788182045.5581691,0x120,4,0a 5a 14 00
1788182045.6584985,0x120,4,0a 8c 15 00
1788182045.7587197,0x120,4,0a be 16 00
1788182045.8590045,0x120,4,0a f0 17 00
1788182045.9594452,0x120,4,0b 22 18 00
1788182046.060147,0x120,4,0b 54 19 00
1788182046.1603572,0x120,4,0b 86 1a 00
1788182046.2607756,0x120,4,0b b8 1b 00
1788182046.3631868,0x120,4,0b ea 1c 00
1788182046.4639082,0x120,4,0c 1c 1d 00
1788182046.564824,0x120,4,0c 4e 1e 00
1788182046.6653483,0x120,4,0c 80 1f 00
1788182046.7662494,0x120,4,0c b2 20 00
1788182046.866721,0x120,4,0c e4 21 00
1788182046.96871,0x120,4,0d 16 22 00
1788182047.072117,0x120,4,0d 48 23 00
1788182047.172295,0x120,4,0d 7a 24 00
1788182047.2728183,0x120,4,0d ac 25 00
1788182047.374663,0x120,4,0d de 26 00
1788182047.4763327,0x120,4,0e 10 27 00
1788182047.576554,0x120,4,0e 42 28 00
1788182047.6771266,0x120,4,0e 74 29 00
1788182047.7800806,0x120,4,0e a6 2a 00
1788182047.880254,0x120,4,0e d8 2b 00
1788182047.9807916,0x120,4,0f 0a 2c 00
1788182048.0817327,0x120,4,0f 3c 2d 00
1788182048.1820254,0x120,4,0f 6e 2e 00
1788182048.2822301,0x120,4,0f a0 2f 00
1788182048.3826275,0x120,4,0f d2 30 00
1788182048.4829426,0x120,4,10 04 31 00
1788182048.5833216,0x120,4,10 36 32 00
1788182048.6835952,0x120,4,10 68 33 00
1788182048.7840087,0x120,4,10 9a 34 00
1788182048.8850322,0x120,4,10 cc 35 00
1788182048.9852178,0x120,4,10 fe 36 00
1788182049.0872612,0x120,4,11 30 37 00
1788182049.1878185,0x120,4,11 62 38 00
1788182049.2885776,0x120,4,11 94 39 00
1788182049.39007,0x120,4,03 20 3a 00
1788182049.4916694,0x120,4,03 52 3b 00
1788182049.5923576,0x120,4,03 84 3c 00
1788182049.693779,0x120,4,03 b6 3d 00
1788182049.7946835,0x120,4,03 e8 3e 00
1788182049.8953474,0x120,4,04 1a 3f 00
1788182049.996092,0x120,4,04 4c 40 00
1788182050.0963113,0x120,4,04 7e 41 00
1788182050.1965575,0x120,4,04 b0 42 00
1788182050.2968776,0x120,4,04 e2 43 00
1788182050.3975391,0x120,4,05 14 44 00
1788182050.5001318,0x120,4,05 46 45 00
1788182050.6004584,0x120,4,05 78 46 00
1788182050.7043314,0x120,4,05 aa 47 00
1788182050.8047826,0x120,4,05 dc 48 00
1788182050.9076939,0x120,4,06 0e 49 00
1788182051.0082884,0x120,4,06 40 4a 00
1788182051.1085265,0x120,4,06 72 4b 00
1788182051.2088115,0x120,4,06 a4 4c 00
1788182051.3089905,0x120,4,06 d6 4d 00
1788182051.4093385,0x120,4,07 08 4e 00
1788182051.509823,0x120,4,07 3a 4f 00
1788182051.6102335,0x120,4,07 6c 50 00
1788182051.710563,0x120,4,07 9e 51 00
1788182051.8112497,0x120,4,07 d0 52 00
1788182051.9120047,0x120,4,08 02 53 00
1788182052.0128458,0x120,4,08 34 54 00
1788182052.113458,0x120,4,08 66 55 00
1788182052.2137444,0x120,4,08 98 56 00
1788182052.314191,0x120,4,08 ca 57 00
1788182052.41483,0x120,4,08 fc 58 00
1788182052.5155854,0x120,4,09 2e 59 00
1788182052.6168706,0x120,4,09 60 5a 00
1788182052.7186468,0x120,4,09 92 5b 00
1788182052.8195095,0x120,4,09 c4 5c 00
1788182052.920147,0x120,4,09 f6 5d 00
1788182053.0206623,0x120,4,0a 28 5e 00
1788182053.1213675,0x120,4,0a 5a 5f 00
1788182053.2660708,0x120,4,0a 8c 60 00
1788182053.3957558,0x120,4,0a be 61 00
1788182053.5260446,0x120,4,0a f0 62 00
1788182053.6270556,0x120,4,0b 22 63 00
1788182053.728955,0x120,4,0b 54 64 00
1788182053.829788,0x120,4,0b 86 65 00
1788182053.9313154,0x120,4,0b b8 66 00
1788182054.032056,0x120,4,0b ea 67 00
1788182054.132992,0x120,4,0c 1c 68 00
1788182054.2350838,0x120,4,0c 4e 69 00
1788182054.3373857,0x120,4,0c 80 6a 00
1788182054.4384139,0x120,4,0c b2 6b 00
1788182054.538703,0x120,4,0c e4 6c 00
1788182054.6401598,0x120,4,0d 16 6d 00
1788182054.7420382,0x120,4,0d 48 6e 00
1788182054.8431056,0x120,4,0d 7a 6f 00
1788182054.9451263,0x120,4,0d ac 70 00
1788182055.0453174,0x120,4,0d de 71 00
1788182055.1455255,0x120,4,0e 10 72 00
1788182055.2461164,0x120,4,0e 42 73 00
1788182055.3464296,0x120,4,0e 74 74 00
1788182055.4465866,0x120,4,0e a6 75 00
1788182055.5468848,0x120,4,0e d8 76 00
1788182055.6472511,0x120,4,0f 0a 77 00
1788182055.7476127,0x120,4,0f 3c 78 00
1788182055.8481412,0x120,4,0f 6e 00 00
1788182055.9484682,0x120,4,0f a0 01 00
1788182056.048695,0x120,4,0f d2 02 00
1788182056.1492476,0x120,4,10 04 03 00
1788182056.2502491,0x120,4,10 36 04 00
1788182056.3504765,0x120,4,10 68 05 00
1788182056.4507265,0x120,4,10 9a 06 00
1788182056.5509052,0x120,4,10 cc 07 00
1788182056.6511433,0x120,4,10 fe 08 00
1788182056.7535465,0x120,4,11 30 09 00
1788182056.8539283,0x120,4,11 62 0a 00
1788182056.954354,0x120,4,11 94 0b 00
1788182057.054951,0x120,4,03 20 0c 00
1788182057.1553023,0x120,4,03 52 0d 00
1788182057.2554762,0x120,4,03 84 0e 00
1788182057.355873,0x120,4,03 b6 0f 00
1788182057.4569259,0x120,4,03 e8 10 00
1788182057.5571582,0x120,4,04 1a 11 00
1788182057.657885,0x120,4,04 4c 12 00
1788182057.7583578,0x120,4,04 7e 13 00
1788182057.858973,0x120,4,04 b0 14 00
1788182057.9596033,0x120,4,04 e2 15 00
1788182058.0599809,0x120,4,05 14 16 00
1788182058.161719,0x120,4,05 46 17 00
1788182058.2626555,0x120,4,05 78 18 00
1788182058.3629236,0x120,4,05 aa 19 00
1788182058.4636111,0x120,4,05 dc 1a 00
1788182058.564626,0x120,4,06 0e 1b 00
1788182058.6721199,0x120,4,06 40 1c 00
1788182058.772414,0x120,4,06 72 1d 00
1788182058.873354,0x120,4,06 a4 1e 00
1788182058.973514,0x120,4,06 d6 1f 00
1788182059.0740247,0x120,4,07 08 20 00
1788182059.1746683,0x120,4,07 3a 21 00
1788182059.2750578,0x120,4,07 6c 22 00
1788182059.375506,0x120,4,07 9e 23 00
1788182059.4758613,0x120,4,07 d0 24 00
1788182059.576268,0x120,4,08 02 25 00
1788182059.676607,0x120,4,08 34 26 00
1788182059.7774074,0x120,4,08 66 27 00
1788182059.8794718,0x120,4,08 98 28 00
1788182059.9799044,0x120,4,08 ca 29 00
1788182060.080128,0x120,4,08 fc 2a 00
1788182060.1804435,0x120,4,09 2e 2b 00
1788182060.2810082,0x120,4,09 60 2c 00
1788182060.3822582,0x120,4,09 92 2d 00
1788182060.4840114,0x120,4,09 c4 2e 00
1788182060.5847316,0x120,4,09 f6 2f 00
1788182060.6849344,0x120,4,0a 28 30 00
1788182060.7879953,0x120,4,0a 5a 31 00
1788182060.8884268,0x120,4,0a 8c 32 00
1788182060.9923344,0x120,4,0a be 33 00
1788182061.0925279,0x120,4,0a f0 34 00
1788182061.193075,0x120,4,0b 22 35 00
1788182061.2966256,0x120,4,0b 54 36 00
1788182061.3968744,0x120,4,0b 86 37 00
1788182061.497549,0x120,4,0b b8 38 00
1788182061.5981405,0x120,4,0b ea 39 00
1788182061.6987946,0x120,4,0c 1c 3a 00
1788182061.7992191,0x120,4,0c 4e 3b 00
1788182061.900185,0x120,4,0c 80 3c 00
1788182062.0006502,0x120,4,0c b2 3d 00
1788182062.101271,0x120,4,0c e4 3e 00
1788182062.2019513,0x120,4,0d 16 3f 00
1788182062.3027756,0x120,4,0d 48 40 00
1788182062.3190496,0x0,8,00 00 00 00 00 00 00 00
1788182062.3245268,0x0,8,00 00 00 00 00 00 00 00
1788182062.3302937,0x0,8,00 00 00 00 00 00 00 00
1788182062.3358836,0x0,8,00 00 00 00 00 00 00 00
1788182062.3421955,0x0,8,00 00 00 00 00 00 00 00
1788182062.348856,0x0,8,00 00 00 00 00 00 00 00
1788182062.3561504,0x0,8,00 00 00 00 00 00 00 00
1788182062.363526,0x0,8,00 00 00 00 00 00 00 00
1788182062.3702643,0x0,8,00 00 00 00 00 00 00 00
1788182062.3760443,0x0,8,00 00 00 00 00 00 00 00
1788182062.381851,0x0,8,00 00 00 00 00 00 00 00
1788182062.3872685,0x0,8,00 00 00 00 00 00 00 00
1788182062.3925602,0x0,8,00 00 00 00 00 00 00 00
1788182062.3980684,0x0,8,00 00 00 00 00 00 00 00
1788182062.403183,0x120,4,0d 7a 41 00
1788182062.40346,0x0,8,00 00 00 00 00 00 00 00
1788182062.4093065,0x0,8,00 00 00 00 00 00 00 00
1788182062.4147885,0x0,8,00 00 00 00 00 00 00 00
1788182062.4202635,0x0,8,00 00 00 00 00 00 00 00
1788182062.4259787,0x0,8,00 00 00 00 00 00 00 00
1788182062.432085,0x0,8,00 00 00 00 00 00 00 00
1788182062.4399014,0x0,8,00 00 00 00 00 00 00 00
1788182062.445739,0x0,8,00 00 00 00 00 00 00 00
1788182062.4512687,0x0,8,00 00 00 00 00 00 00 00
1788182062.4567463,0x0,8,00 00 00 00 00 00 00 00
1788182062.4621696,0x0,8,00 00 00 00 00 00 00 00
1788182062.4677322,0x0,8,00 00 00 00 00 00 00 00
1788182062.4738495,0x0,8,00 00 00 00 00 00 00 00
1788182062.479495,0x0,8,00 00 00 00 00 00 00 00
1788182062.4849553,0x0,8,00 00 00 00 00 00 00 00
1788182062.4904265,0x0,8,00 00 00 00 00 00 00 00
1788182062.4959311,0x0,8,00 00 00 00 00 00 00 00
1788182062.5017834,0x0,8,00 00 00 00 00 00 00 00
1788182062.5035474,0x120,4,0d ac 42 00
1788182062.5072594,0x0,8,00 00 00 00 00 00 00 00
1788182062.5126548,0x0,8,00 00 00 00 00 00 00 00
1788182062.5181994,0x0,8,00 00 00 00 00 00 00 00
1788182062.5239716,0x0,8,00 00 00 00 00 00 00 00
1788182062.5292993,0x0,8,00 00 00 00 00 00 00 00
1788182062.534791,0x0,8,00 00 00 00 00 00 00 00
1788182062.5404027,0x0,8,00 00 00 00 00 00 00 00
1788182062.546214,0x0,8,00 00 00 00 00 00 00 00
1788182062.5515778,0x0,8,00 00 00 00 00 00 00 00
1788182062.5585816,0x0,8,00 00 00 00 00 00 00 00
1788182062.5643811,0x0,8,00 00 00 00 00 00 00 00
1788182062.5697367,0x0,8,00 00 00 00 00 00 00 00
1788182062.5750923,0x0,8,00 00 00 00 00 00 00 00
1788182062.58088,0x0,8,00 00 00 00 00 00 00 00
1788182062.5865352,0x0,8,00 00 00 00 00 00 00 00
1788182062.5927246,0x0,8,00 00 00 00 00 00 00 00
1788182062.6003237,0x0,8,00 00 00 00 00 00 00 00
1788182062.6039965,0x120,4,0d de 43 00
1788182062.6057434,0x0,8,00 00 00 00 00 00 00 00
1788182062.6120076,0x0,8,00 00 00 00 00 00 00 00
1788182062.6197183,0x0,8,00 00 00 00 00 00 00 00
1788182062.6282625,0x0,8,00 00 00 00 00 00 00 00
1788182062.6345928,0x0,8,00 00 00 00 00 00 00 00
1788182062.6403446,0x0,8,00 00 00 00 00 00 00 00
1788182062.6461606,0x0,8,00 00 00 00 00 00 00 00
1788182062.6522226,0x0,8,00 00 00 00 00 00 00 00
1788182062.6580105,0x0,8,00 00 00 00 00 00 00 00
1788182062.6647902,0x0,8,00 00 00 00 00 00 00 00
1788182062.6704164,0x0,8,00 00 00 00 00 00 00 00
1788182062.6760788,0x0,8,00 00 00 00 00 00 00 00
1788182062.6814442,0x0,8,00 00 00 00 00 00 00 00
1788182062.6869786,0x0,8,00 00 00 00 00 00 00 00
1788182062.6924849,0x0,8,00 00 00 00 00 00 00 00
1788182062.6979651,0x0,8,00 00 00 00 00 00 00 00
1788182062.7055864,0x120,4,0e 10 44 00
1788182062.7063675,0x0,8,00 00 00 00 00 00 00 00
1788182062.711855,0x0,8,00 00 00 00 00 00 00 00
1788182062.7175932,0x0,8,00 00 00 00 00 00 00 00
1788182062.7230198,0x0,8,00 00 00 00 00 00 00 00
1788182062.72843,0x0,8,00 00 00 00 00 00 00 00
1788182062.7345738,0x0,8,00 00 00 00 00 00 00 00
1788182062.7427602,0x0,8,00 00 00 00 00 00 00 00
1788182062.7482555,0x0,8,00 00 00 00 00 00 00 00
1788182062.7536767,0x0,8,00 00 00 00 00 00 00 00
1788182062.7593331,0x0,8,00 00 00 00 00 00 00 00
1788182062.7650123,0x0,8,00 00 00 00 00 00 00 00
1788182062.7706954,0x0,8,00 00 00 00 00 00 00 00
1788182062.7797952,0x0,8,00 00 00 00 00 00 00 00
1788182062.7882807,0x0,8,00 00 00 00 00 00 00 00
1788182062.7959259,0x0,8,00 00 00 00 00 00 00 00
1788182062.8030648,0x0,8,00 00 00 00 00 00 00 00
1788182062.8061123,0x120,4,0e 42 45 00
1788182062.8092823,0x0,8,00 00 00 00 00 00 00 00
1788182062.8151858,0x0,8,00 00 00 00 00 00 00 00
1788182062.8209503,0x0,8,00 00 00 00 00 00 00 00
1788182062.826847,0x0,8,00 00 00 00 00 00 00 00
1788182062.8323169,0x0,8,00 00 00 00 00 00 00 00
1788182062.8381715,0x0,8,00 00 00 00 00 00 00 00
1788182062.8436136,0x0,8,00 00 00 00 00 00 00 00
1788182062.8492455,0x0,8,00 00 00 00 00 00 00 00
1788182062.8545775,0x0,8,00 00 00 00 00 00 00 00
1788182062.861133,0x0,8,00 00 00 00 00 00 00 00
1788182062.8666615,0x0,8,00 00 00 00 00 00 00 00
1788182062.8721879,0x0,8,00 00 00 00 00 00 00 00
1788182062.8778942,0x0,8,00 00 00 00 00 00 00 00
1788182062.8834925,0x0,8,00 00 00 00 00 00 00 00
1788182062.8888252,0x0,8,00 00 00 00 00 00 00 00
1788182062.8943024,0x0,8,00 00 00 00 00 00 00 00
1788182062.9012904,0x0,8,00 00 00 00 00 00 00 00
1788182062.90667,0x120,4,0e 74 46 00
1788182062.9067934,0x0,8,00 00 00 00 00 00 00 00
1788182062.9120548,0x0,8,00 00 00 00 00 00 00 00
1788182062.9177022,0x0,8,00 00 00 00 00 00 00 00
1788182062.9230545,0x0,8,00 00 00 00 00 00 00 00
1788182062.9284205,0x0,8,00 00 00 00 00 00 00 00
1788182062.9337988,0x0,8,00 00 00 00 00 00 00 00
1788182062.9396815,0x0,8,00 00 00 00 00 00 00 00
1788182062.945525,0x0,8,00 00 00 00 00 00 00 00
1788182062.950935,0x0,8,00 00 00 00 00 00 00 00
1788182062.9563973,0x0,8,00 00 00 00 00 00 00 00
1788182062.9618516,0x0,8,00 00 00 00 00 00 00 00
1788182062.9672809,0x0,8,00 00 00 00 00 00 00 00
1788182062.9727724,0x0,8,00 00 00 00 00 00 00 00
1788182062.978161,0x0,8,00 00 00 00 00 00 00 00
1788182062.9836204,0x0,8,00 00 00 00 00 00 00 00
1788182062.9892313,0x0,8,00 00 00 00 00 00 00 00
1788182062.9948788,0x0,8,00 00 00 00 00 00 00 00
1788182063.0002348,0x0,8,00 00 00 00 00 00 00 00
1788182063.00589,0x0,8,00 00 00 00 00 00 00 00
1788182063.0073895,0x120,4,0e a6 47 00
1788182063.0114546,0x0,8,00 00 00 00 00 00 00 00
1788182063.0167193,0x0,8,00 00 00 00 00 00 00 00
1788182063.0221438,0x0,8,00 00 00 00 00 00 00 00
1788182063.027892,0x0,8,00 00 00 00 00 00 00 00
1788182063.033298,0x0,8,00 00 00 00 00 00 00 00
1788182063.0416963,0x0,8,00 00 00 00 00 00 00 00
1788182063.0471623,0x0,8,00 00 00 00 00 00 00 00
1788182063.0528338,0x0,8,00 00 00 00 00 00 00 00
1788182063.0586042,0x0,8,00 00 00 00 00 00 00 00
1788182063.0642953,0x0,8,00 00 00 00 00 00 00 00
1788182063.0718672,0x0,8,00 00 00 00 00 00 00 00
1788182063.0774043,0x0,8,00 00 00 00 00 00 00 00
1788182063.0838678,0x0,8,00 00 00 00 00 00 00 00
1788182063.0892885,0x0,8,00 00 00 00 00 00 00 00
1788182063.095372,0x0,8,00 00 00 00 00 00 00 00
1788182063.10292,0x0,8,00 00 00 00 00 00 00 00
1788182063.108125,0x120,4,0e d8 48 00
1788182063.1082346,0x0,8,00 00 00 00 00 00 00 00
1788182063.1139193,0x0,8,00 00 00 00 00 00 00 00
1788182063.1192968,0x0,8,00 00 00 00 00 00 00 00
1788182063.1265168,0x0,8,00 00 00 00 00 00 00 00
1788182063.132224,0x0,8,00 00 00 00 00 00 00 00
1788182063.1395223,0x0,8,00 00 00 00 00 00 00 00
1788182063.1449912,0x0,8,00 00 00 00 00 00 00 00
1788182063.1504433,0x0,8,00 00 00 00 00 00 00 00
1788182063.1561408,0x0,8,00 00 00 00 00 00 00 00
1788182063.1622517,0x0,8,00 00 00 00 00 00 00 00
1788182063.167778,0x0,8,00 00 00 00 00 00 00 00
1788182063.1733325,0x0,8,00 00 00 00 00 00 00 00
1788182063.178617,0x0,8,00 00 00 00 00 00 00 00
1788182063.186648,0x0,8,00 00 00 00 00 00 00 00
1788182063.192461,0x0,8,00 00 00 00 00 00 00 00
1788182063.199074,0x0,8,00 00 00 00 00 00 00 00
1788182063.2043927,0x0,8,00 00 00 00 00 00 00 00
1788182063.2082622,0x120,4,0f 0a 49 00
1788182063.209979,0x0,8,00 00 00 00 00 00 00 00
1788182063.2155452,0x0,8,00 00 00 00 00 00 00 00
1788182063.220983,0x0,8,00 00 00 00 00 00 00 00
1788182063.2263224,0x0,8,00 00 00 00 00 00 00 00
1788182063.231814,0x0,8,00 00 00 00 00 00 00 00
1788182063.2371259,0x0,8,00 00 00 00 00 00 00 00
1788182063.2430782,0x0,8,00 00 00 00 00 00 00 00
1788182063.248823,0x0,8,00 00 00 00 00 00 00 00
1788182063.2543035,0x0,8,00 00 00 00 00 00 00 00
1788182063.2598603,0x0,8,00 00 00 00 00 00 00 00
1788182063.265514,0x0,8,00 00 00 00 00 00 00 00
1788182063.2709827,0x0,8,00 00 00 00 00 00 00 00
1788182063.2764266,0x0,8,00 00 00 00 00 00 00 00
1788182063.2819042,0x0,8,00 00 00 00 00 00 00 00
1788182063.287495,0x0,8,00 00 00 00 00 00 00 00
1788182063.2928317,0x0,8,00 00 00 00 00 00 00 00
1788182063.298283,0x0,8,00 00 00 00 00 00 00 00
1788182063.3036258,0x0,8,00 00 00 00 00 00 00 00
1788182063.3083973,0x120,4,0f 3c 4a 00
1788182063.3090475,0x0,8,00 00 00 00 00 00 00 00
1788182063.3146033,0x0,8,00 00 00 00 00 00 00 00
1788182063.3230433,0x0,8,00 00 00 00 00 00 00 00
1788182063.332067,0x0,8,00 00 00 00 00 00 00 00
1788182063.3394005,0x0,8,00 00 00 00 00 00 00 00
1788182063.3449717,0x0,8,00 00 00 00 00 00 00 00
1788182063.3518975,0x0,8,00 00 00 00 00 00 00 00
1788182063.3605037,0x0,8,00 00 00 00 00 00 00 00
1788182063.3675578,0x0,8,00 00 00 00 00 00 00 00
1788182063.373833,0x0,8,00 00 00 00 00 00 00 00
1788182063.3793318,0x0,8,00 00 00 00 00 00 00 00
1788182063.3858595,0x0,8,00 00 00 00 00 00 00 00
1788182063.3911846,0x0,8,00 00 00 00 00 00 00 00
1788182063.400638,0x0,8,00 00 00 00 00 00 00 00
1788182063.4068131,0x0,8,00 00 00 00 00 00 00 00
1788182063.4088721,0x120,4,0f 6e 4b 00
1788182063.412429,0x0,8,00 00 00 00 00 00 00 00
1788182063.417812,0x0,8,00 00 00 00 00 00 00 00
1788182063.4231875,0x0,8,00 00 00 00 00 00 00 00
1788182063.4287574,0x0,8,00 00 00 00 00 00 00 00
1788182063.4351902,0x0,8,00 00 00 00 00 00 00 00
1788182063.440533,0x0,8,00 00 00 00 00 00 00 00
1788182063.4462893,0x0,8,00 00 00 00 00 00 00 00
1788182063.452238,0x0,8,00 00 00 00 00 00 00 00
1788182063.4575775,0x0,8,00 00 00 00 00 00 00 00
1788182063.4631822,0x0,8,00 00 00 00 00 00 00 00
1788182063.470013,0x0,8,00 00 00 00 00 00 00 00
1788182063.4760177,0x0,8,00 00 00 00 00 00 00 00
1788182063.481745,0x0,8,00 00 00 00 00 00 00 00
1788182063.4872239,0x0,8,00 00 00 00 00 00 00 00
1788182063.4926355,0x0,8,00 00 00 00 00 00 00 00
1788182063.4991767,0x0,8,00 00 00 00 00 00 00 00
1788182063.5054972,0x0,8,00 00 00 00 00 00 00 00
1788182063.5098574,0x120,4,0f a0 4c 00
1788182063.5117245,0x0,8,00 00 00 00 00 00 00 00
1788182063.5198326,0x0,8,00 00 00 00 00 00 00 00
1788182063.525164,0x0,8,00 00 00 00 00 00 00 00
1788182063.530625,0x0,8,00 00 00 00 00 00 00 00
1788182063.5364356,0x0,8,00 00 00 00 00 00 00 00
1788182063.541775,0x0,8,00 00 00 00 00 00 00 00
1788182063.5477395,0x0,8,00 00 00 00 00 00 00 00
1788182063.553165,0x0,8,00 00 00 00 00 00 00 00
1788182063.5591638,0x0,8,00 00 00 00 00 00 00 00
1788182063.5647106,0x0,8,00 00 00 00 00 00 00 00
1788182063.5700037,0x0,8,00 00 00 00 00 00 00 00
1788182063.575838,0x0,8,00 00 00 00 00 00 00 00
1788182063.5815885,0x0,8,00 00 00 00 00 00 00 00
1788182063.5871913,0x0,8,00 00 00 00 00 00 00 00
1788182063.5924804,0x0,8,00 00 00 00 00 00 00 00
1788182063.5979295,0x0,8,00 00 00 00 00 00 00 00
1788182063.6036263,0x0,8,00 00 00 00 00 00 00 00
1788182063.6115193,0x120,4,0f d2 4d 00
1788182063.6116633,0x0,8,00 00 00 00 00 00 00 00
1788182063.619121,0x0,8,00 00 00 00 00 00 00 00
1788182063.6245227,0x0,8,00 00 00 00 00 00 00 00
1788182063.6300442,0x0,8,00 00 00 00 00 00 00 00
1788182063.635912,0x0,8,00 00 00 00 00 00 00 00
1788182063.641426,0x0,8,00 00 00 00 00 00 00 00
1788182063.6471937,0x0,8,00 00 00 00 00 00 00 00
1788182063.6527598,0x0,8,00 00 00 00 00 00 00 00
1788182063.6581411,0x0,8,00 00 00 00 00 00 00 00
1788182063.6636503,0x0,8,00 00 00 00 00 00 00 00
1788182063.6693633,0x0,8,00 00 00 00 00 00 00 00
1788182063.6747882,0x0,8,00 00 00 00 00 00 00 00
1788182063.6806424,0x0,8,00 00 00 00 00 00 00 00
1788182063.6864161,0x0,8,00 00 00 00 00 00 00 00
1788182063.6921153,0x0,8,00 00 00 00 00 00 00 00
1788182063.6976883,0x0,8,00 00 00 00 00 00 00 00
1788182063.7036831,0x0,8,00 00 00 00 00 00 00 00
1788182063.7105563,0x0,8,00 00 00 00 00 00 00 00
1788182063.7125676,0x120,4,10 04 4e 00
1788182063.7159936,0x0,8,00 00 00 00 00 00 00 00
1788182063.7214563,0x0,8,00 00 00 00 00 00 00 00
1788182063.7274323,0x0,8,00 00 00 00 00 00 00 00
1788182063.7344325,0x0,8,00 00 00 00 00 00 00 00
1788182063.7400174,0x0,8,00 00 00 00 00 00 00 00
1788182063.7461543,0x0,8,00 00 00 00 00 00 00 00
1788182063.7517,0x0,8,00 00 00 00 00 00 00 00
1788182063.7581985,0x0,8,00 00 00 00 00 00 00 00
1788182063.764716,0x0,8,00 00 00 00 00 00 00 00
1788182063.7702239,0x0,8,00 00 00 00 00 00 00 00
1788182063.7756023,0x0,8,00 00 00 00 00 00 00 00
1788182063.7813287,0x0,8,00 00 00 00 00 00 00 00
1788182063.7868311,0x0,8,00 00 00 00 00 00 00 00
1788182063.7922857,0x0,8,00 00 00 00 00 00 00 00
1788182063.7979474,0x0,8,00 00 00 00 00 00 00 00
1788182063.8037946,0x0,8,00 00 00 00 00 00 00 00
1788182063.809477,0x0,8,00 00 00 00 00 00 00 00
1788182063.813186,0x120,4,10 36 4f 00
1788182063.8151486,0x0,8,00 00 00 00 00 00 00 00
1788182063.8208818,0x0,8,00 00 00 00 00 00 00 00
1788182063.8261487,0x0,8,00 00 00 00 00 00 00 00
1788182063.8316488,0x0,8,00 00 00 00 00 00 00 00
1788182063.837527,0x0,8,00 00 00 00 00 00 00 00
1788182063.8433452,0x0,8,00 00 00 00 00 00 00 00
1788182063.8492877,0x0,8,00 00 00 00 00 00 00 00
1788182063.8548603,0x0,8,00 00 00 00 00 00 00 00
1788182063.8604946,0x0,8,00 00 00 00 00 00 00 00
1788182063.8659158,0x0,8,00 00 00 00 00 00 00 00
1788182063.8720624,0x0,8,00 00 00 00 00 00 00 00
1788182063.8782563,0x0,8,00 00 00 00 00 00 00 00
1788182063.884574,0x0,8,00 00 00 00 00 00 00 00
1788182063.892455,0x0,8,00 00 00 00 00 00 00 00
1788182063.8980675,0x0,8,00 00 00 00 00 00 00 00
1788182063.903502,0x0,8,00 00 00 00 00 00 00 00
1788182063.9090006,0x0,8,00 00 00 00 00 00 00 00
1788182063.9136152,0x120,4,10 68 50 00
1788182063.9144099,0x0,8,00 00 00 00 00 00 00 00
1788182063.9201953,0x0,8,00 00 00 00 00 00 00 00
1788182063.9256175,0x0,8,00 00 00 00 00 00 00 00
1788182063.93146,0x0,8,00 00 00 00 00 00 00 00
1788182063.9368417,0x0,8,00 00 00 00 00 00 00 00
1788182063.942145,0x0,8,00 00 00 00 00 00 00 00
1788182063.9481535,0x0,8,00 00 00 00 00 00 00 00
1788182063.9538004,0x0,8,00 00 00 00 00 00 00 00
1788182063.9591148,0x0,8,00 00 00 00 00 00 00 00
1788182063.96447,0x0,8,00 00 00 00 00 00 00 00
1788182063.9698193,0x0,8,00 00 00 00 00 00 00 00
1788182063.975164,0x0,8,00 00 00 00 00 00 00 00
1788182063.9810405,0x0,8,00 00 00 00 00 00 00 00
1788182063.9866538,0x0,8,00 00 00 00 00 00 00 00
1788182063.9921148,0x0,8,00 00 00 00 00 00 00 00
1788182063.9975672,0x0,8,00 00 00 00 00 00 00 00
1788182064.0033948,0x0,8,00 00 00 00 00 00 00 00
1788182064.0087416,0x0,8,00 00 00 00 00 00 00 00
1788182064.0138528,0x120,4,10 9a 51 00
1788182064.0142655,0x0,8,00 00 00 00 00 00 00 00
1788182064.0197718,0x0,8,00 00 00 00 00 00 00 00
1788182064.0254748,0x0,8,00 00 00 00 00 00 00 00
1788182064.0309768,0x0,8,00 00 00 00 00 00 00 00
1788182064.0362911,0x0,8,00 00 00 00 00 00 00 00
1788182064.0417628,0x0,8,00 00 00 00 00 00 00 00
1788182064.047593,0x0,8,00 00 00 00 00 00 00 00
1788182064.053341,0x0,8,00 00 00 00 00 00 00 00
1788182064.0586653,0x0,8,00 00 00 00 00 00 00 00
1788182064.0644317,0x0,8,00 00 00 00 00 00 00 00
1788182064.0699592,0x0,8,00 00 00 00 00 00 00 00
1788182064.0754528,0x0,8,00 00 00 00 00 00 00 00
1788182064.0842035,0x0,8,00 00 00 00 00 00 00 00
1788182064.0898294,0x0,8,00 00 00 00 00 00 00 00
1788182064.0952926,0x0,8,00 00 00 00 00 00 00 00
1788182064.1043327,0x0,8,00 00 00 00 00 00 00 00
1788182064.1116455,0x0,8,00 00 00 00 00 00 00 00
1788182064.115718,0x120,4,10 cc 52 00
1788182064.1172793,0x0,8,00 00 00 00 00 00 00 00
1788182064.1227603,0x0,8,00 00 00 00 00 00 00 00
1788182064.1282918,0x0,8,00 00 00 00 00 00 00 00
1788182064.1339962,0x0,8,00 00 00 00 00 00 00 00
1788182064.139529,0x0,8,00 00 00 00 00 00 00 00
1788182064.1451213,0x0,8,00 00 00 00 00 00 00 00
1788182064.1507993,0x0,8,00 00 00 00 00 00 00 00
1788182064.1567335,0x0,8,00 00 00 00 00 00 00 00
1788182064.1630154,0x0,8,00 00 00 00 00 00 00 00
1788182064.1684494,0x0,8,00 00 00 00 00 00 00 00
1788182064.1765487,0x0,8,00 00 00 00 00 00 00 00
1788182064.1839905,0x0,8,00 00 00 00 00 00 00 00
1788182064.1894214,0x0,8,00 00 00 00 00 00 00 00
1788182064.1950037,0x0,8,00 00 00 00 00 00 00 00
1788182064.2006829,0x0,8,00 00 00 00 00 00 00 00
1788182064.206743,0x0,8,00 00 00 00 00 00 00 00
1788182064.2122676,0x0,8,00 00 00 00 00 00 00 00
1788182064.2159653,0x120,4,10 fe 53 00
1788182064.2175899,0x0,8,00 00 00 00 00 00 00 00
1788182064.223208,0x0,8,00 00 00 00 00 00 00 00
1788182064.2304795,0x0,8,00 00 00 00 00 00 00 00
1788182064.2368355,0x0,8,00 00 00 00 00 00 00 00
1788182064.2420547,0x0,8,00 00 00 00 00 00 00 00
1788182064.2475314,0x0,8,00 00 00 00 00 00 00 00
1788182064.253041,0x0,8,00 00 00 00 00 00 00 00
1788182064.259225,0x0,8,00 00 00 00 00 00 00 00
1788182064.2661195,0x0,8,00 00 00 00 00 00 00 00
1788182064.271429,0x0,8,00 00 00 00 00 00 00 00
1788182064.2783153,0x0,8,00 00 00 00 00 00 00 00
1788182064.2839465,0x0,8,00 00 00 00 00 00 00 00
1788182064.2891662,0x0,8,00 00 00 00 00 00 00 00
1788182064.294592,0x0,8,00 00 00 00 00 00 00 00
1788182064.3001218,0x0,8,00 00 00 00 00 00 00 00
1788182064.3058546,0x0,8,00 00 00 00 00 00 00 00
1788182064.3113804,0x0,8,00 00 00 00 00 00 00 00
1788182064.316421,0x120,4,11 30 54 00
1788182064.3170133,0x0,8,00 00 00 00 00 00 00 00
1788182064.3224561,0x0,8,00 00 00 00 00 00 00 00
1788182064.3277948,0x0,8,00 00 00 00 00 00 00 00
1788182064.333259,0x0,8,00 00 00 00 00 00 00 00
1788182064.3385699,0x0,8,00 00 00 00 00 00 00 00
1788182064.344222,0x0,8,00 00 00 00 00 00 00 00
1788182064.3498945,0x0,8,00 00 00 00 00 00 00 00
1788182064.3551378,0x0,8,00 00 00 00 00 00 00 00
1788182064.3605382,0x0,8,00 00 00 00 00 00 00 00
1788182064.3660388,0x0,8,00 00 00 00 00 00 00 00
1788182064.3718233,0x0,8,00 00 00 00 00 00 00 00
1788182064.3772626,0x0,8,00 00 00 00 00 00 00 00
1788182064.3831124,0x0,8,00 00 00 00 00 00 00 00
1788182064.3888686,0x0,8,00 00 00 00 00 00 00 00
1788182064.394317,0x0,8,00 00 00 00 00 00 00 00
1788182064.3997982,0x0,8,00 00 00 00 00 00 00 00
1788182064.4053824,0x0,8,00 00 00 00 00 00 00 00
1788182064.4109368,0x0,8,00 00 00 00 00 00 00 00
1788182064.41663,0x0,8,00 00 00 00 00 00 00 00
1788182064.4168658,0x120,4,11 62 55 00
1788182064.421872,0x0,8,00 00 00 00 00 00 00 00
1788182064.4275851,0x0,8,00 00 00 00 00 00 00 00
1788182064.433358,0x0,8,00 00 00 00 00 00 00 00
1788182064.4389427,0x0,8,00 00 00 00 00 00 00 00
1788182064.4443893,0x0,8,00 00 00 00 00 00 00 00
1788182064.4499671,0x0,8,00 00 00 00 00 00 00 00
1788182064.4552689,0x0,8,00 00 00 00 00 00 00 00
1788182064.4607193,0x0,8,00 00 00 00 00 00 00 00
1788182064.4663618,0x0,8,00 00 00 00 00 00 00 00
1788182064.4717143,0x0,8,00 00 00 00 00 00 00 00
1788182064.4777334,0x0,8,00 00 00 00 00 00 00 00
1788182064.4830873,0x0,8,00 00 00 00 00 00 00 00
1788182064.4886684,0x0,8,00 00 00 00 00 00 00 00
1788182064.4940615,0x0,8,00 00 00 00 00 00 00 00
1788182064.499671,0x0,8,00 00 00 00 00 00 00 00
1788182064.5052779,0x0,8,00 00 00 00 00 00 00 00
1788182064.5109444,0x0,8,00 00 00 00 00 00 00 00
1788182064.5165513,0x0,8,00 00 00 00 00 00 00 00
1788182064.5171912,0x120,4,11 94 56 00
1788182064.5220954,0x0,8,00 00 00 00 00 00 00 00
1788182064.5275764,0x0,8,00 00 00 00 00 00 00 00
1788182064.533279,0x0,8,00 00 00 00 00 00 00 00
1788182064.5387652,0x0,8,00 00 00 00 00 00 00 00
1788182064.5440001,0x0,8,00 00 00 00 00 00 00 00
1788182064.5497944,0x0,8,00 00 00 00 00 00 00 00
1788182064.5607786,0x0,8,00 00 00 00 00 00 00 00
1788182064.5663307,0x0,8,00 00 00 00 00 00 00 00
1788182064.5733294,0x0,8,00 00 00 00 00 00 00 00
1788182064.5792122,0x0,8,00 00 00 00 00 00 00 00
1788182064.5846663,0x0,8,00 00 00 00 00 00 00 00
1788182064.5901392,0x0,8,00 00 00 00 00 00 00 00
1788182064.5956652,0x0,8,00 00 00 00 00 00 00 00
1788182064.601497,0x0,8,00 00 00 00 00 00 00 00
1788182064.607322,0x0,8,00 00 00 00 00 00 00 00
1788182064.6134522,0x0,8,00 00 00 00 00 00 00 00
1788182064.617572,0x120,4,03 20 57 00
1788182064.6187546,0x0,8,00 00 00 00 00 00 00 00
1788182064.6244752,0x0,8,00 00 00 00 00 00 00 00
1788182064.6302564,0x0,8,00 00 00 00 00 00 00 00
1788182064.6404586,0x0,8,00 00 00 00 00 00 00 00
1788182064.6460145,0x0,8,00 00 00 00 00 00 00 00
1788182064.6515298,0x0,8,00 00 00 00 00 00 00 00
1788182064.6573303,0x0,8,00 00 00 00 00 00 00 00
1788182064.6639428,0x0,8,00 00 00 00 00 00 00 00
1788182064.669647,0x0,8,00 00 00 00 00 00 00 00
1788182064.675163,0x0,8,00 00 00 00 00 00 00 00
1788182064.68066,0x0,8,00 00 00 00 00 00 00 00
1788182064.6864192,0x0,8,00 00 00 00 00 00 00 00
1788182064.692048,0x0,8,00 00 00 00 00 00 00 00
1788182064.697885,0x0,8,00 00 00 00 00 00 00 00
1788182064.7043777,0x0,8,00 00 00 00 00 00 00 00
1788182064.7110102,0x0,8,00 00 00 00 00 00 00 00
1788182064.716609,0x0,8,00 00 00 00 00 00 00 00
1788182064.7189112,0x120,4,03 52 58 00
1788182064.7239134,0x0,8,00 00 00 00 00 00 00 00
1788182064.7295942,0x0,8,00 00 00 00 00 00 00 00
1788182064.7360766,0x0,8,00 00 00 00 00 00 00 00
1788182064.7422743,0x0,8,00 00 00 00 00 00 00 00
1788182064.7483373,0x0,8,00 00 00 00 00 00 00 00
1788182064.7538936,0x0,8,00 00 00 00 00 00 00 00
1788182064.7595327,0x0,8,00 00 00 00 00 00 00 00
1788182064.765916,0x0,8,00 00 00 00 00 00 00 00
1788182064.7717683,0x0,8,00 00 00 00 00 00 00 00
1788182064.7776473,0x0,8,00 00 00 00 00 00 00 00
1788182064.7831163,0x0,8,00 00 00 00 00 00 00 00
1788182064.7883625,0x0,8,00 00 00 00 00 00 00 00
1788182064.794072,0x0,8,00 00 00 00 00 00 00 00
1788182064.7993896,0x0,8,00 00 00 00 00 00 00 00
1788182064.804729,0x0,8,00 00 00 00 00 00 00 00
1788182064.810038,0x0,8,00 00 00 00 00 00 00 00
1788182064.815681,0x0,8,00 00 00 00 00 00 00 00
1788182064.8208902,0x120,4,03 84 59 00
1788182064.8210588,0x0,8,00 00 00 00 00 00 00 00
1788182064.8279417,0x0,8,00 00 00 00 00 00 00 00
1788182064.8340015,0x0,8,00 00 00 00 00 00 00 00
1788182064.8393643,0x0,8,00 00 00 00 00 00 00 00
1788182064.844711,0x0,8,00 00 00 00 00 00 00 00
1788182064.8501575,0x0,8,00 00 00 00 00 00 00 00
1788182064.855849,0x0,8,00 00 00 00 00 00 00 00
1788182064.8611543,0x0,8,00 00 00 00 00 00 00 00
1788182064.8666391,0x0,8,00 00 00 00 00 00 00 00
1788182064.872003,0x0,8,00 00 00 00 00 00 00 00
1788182064.877371,0x0,8,00 00 00 00 00 00 00 00
1788182064.8829677,0x0,8,00 00 00 00 00 00 00 00
1788182064.8906825,0x0,8,00 00 00 00 00 00 00 00
1788182064.8961434,0x0,8,00 00 00 00 00 00 00 00
1788182064.9017606,0x0,8,00 00 00 00 00 00 00 00
1788182064.9071133,0x0,8,00 00 00 00 00 00 00 00
1788182064.9152293,0x0,8,00 00 00 00 00 00 00 00
1788182064.9206173,0x0,8,00 00 00 00 00 00 00 00
1788182064.921134,0x120,4,03 b6 5a 00
1788182064.926197,0x0,8,00 00 00 00 00 00 00 00
1788182064.9323516,0x0,8,00 00 00 00 00 00 00 00
1788182064.9374933,0x0,8,00 00 00 00 00 00 00 00
1788182064.9430091,0x0,8,00 00 00 00 00 00 00 00
1788182064.9489532,0x0,8,00 00 00 00 00 00 00 00
1788182064.9548204,0x0,8,00 00 00 00 00 00 00 00
1788182064.9603105,0x0,8,00 00 00 00 00 00 00 00
1788182064.9683776,0x0,8,00 00 00 00 00 00 00 00
1788182064.9737926,0x0,8,00 00 00 00 00 00 00 00
1788182064.9800599,0x0,8,00 00 00 00 00 00 00 00
1788182064.9880219,0x0,8,00 00 00 00 00 00 00 00
1788182064.993611,0x0,8,00 00 00 00 00 00 00 00
1788182064.9990366,0x0,8,00 00 00 00 00 00 00 00
1788182065.007999,0x0,8,00 00 00 00 00 00 00 00
1788182065.0143104,0x0,8,00 00 00 00 00 00 00 00
1788182065.0201006,0x0,8,00 00 00 00 00 00 00 00
1788182065.0212474,0x120,4,03 e8 5b 00
1788182065.0277197,0x0,8,00 00 00 00 00 00 00 00
1788182065.0330625,0x0,8,00 00 00 00 00 00 00 00
1788182065.0390048,0x0,8,00 00 00 00 00 00 00 00
1788182065.044498,0x0,8,00 00 00 00 00 00 00 00
1788182065.0498464,0x0,8,00 00 00 00 00 00 00 00
1788182065.0553489,0x0,8,00 00 00 00 00 00 00 00
1788182065.0606387,0x0,8,00 00 00 00 00 00 00 00
1788182065.066235,0x0,8,00 00 00 00 00 00 00 00
1788182065.0717876,0x0,8,00 00 00 00 00 00 00 00
1788182065.0772831,0x0,8,00 00 00 00 00 00 00 00
1788182065.0842896,0x0,8,00 00 00 00 00 00 00 00
1788182065.0895798,0x0,8,00 00 00 00 00 00 00 00
1788182065.0971978,0x0,8,00 00 00 00 00 00 00 00
1788182065.1027462,0x0,8,00 00 00 00 00 00 00 00
1788182065.112739,0x0,8,00 00 00 00 00 00 00 00
1788182065.118365,0x0,8,00 00 00 00 00 00 00 00
1788182065.1213982,0x120,4,04 1a 5c 00
1788182065.1239727,0x0,8,00 00 00 00 00 00 00 00
1788182065.1293838,0x0,8,00 00 00 00 00 00 00 00
1788182065.1349902,0x0,8,00 00 00 00 00 00 00 00
1788182065.1405246,0x0,8,00 00 00 00 00 00 00 00
1788182065.1460283,0x0,8,00 00 00 00 00 00 00 00
1788182065.1514409,0x0,8,00 00 00 00 00 00 00 00
1788182065.1569629,0x0,8,00 00 00 00 00 00 00 00
1788182065.1626577,0x0,8,00 00 00 00 00 00 00 00
1788182065.1683865,0x0,8,00 00 00 00 00 00 00 00
1788182065.1737278,0x0,8,00 00 00 00 00 00 00 00
1788182065.1791637,0x0,8,00 00 00 00 00 00 00 00
1788182065.1849935,0x0,8,00 00 00 00 00 00 00 00
1788182065.1905775,0x0,8,00 00 00 00 00 00 00 00
1788182065.19611,0x0,8,00 00 00 00 00 00 00 00
1788182065.2016451,0x0,8,00 00 00 00 00 00 00 00
1788182065.2071354,0x0,8,00 00 00 00 00 00 00 00
1788182065.212459,0x0,8,00 00 00 00 00 00 00 00
1788182065.2179062,0x0,8,00 00 00 00 00 00 00 00
1788182065.2223089,0x120,4,04 4c 5d 00
1788182065.2235959,0x0,8,00 00 00 00 00 00 00 00
1788182065.2323582,0x0,8,00 00 00 00 00 00 00 00
1788182065.237988,0x0,8,00 00 00 00 00 00 00 00
1788182065.2438126,0x0,8,00 00 00 00 00 00 00 00
1788182065.2491653,0x0,8,00 00 00 00 00 00 00 00
1788182065.2549372,0x0,8,00 00 00 00 00 00 00 00
1788182065.2611575,0x0,8,00 00 00 00 00 00 00 00
1788182065.2680664,0x0,8,00 00 00 00 00 00 00 00
1788182065.2734063,0x0,8,00 00 00 00 00 00 00 00
1788182065.2800698,0x0,8,00 00 00 00 00 00 00 00
1788182065.2854285,0x0,8,00 00 00 00 00 00 00 00
1788182065.291925,0x0,8,00 00 00 00 00 00 00 00
1788182065.2973545,0x0,8,00 00 00 00 00 00 00 00
1788182065.3027444,0x0,8,00 00 00 00 00 00 00 00
1788182065.3087943,0x0,8,00 00 00 00 00 00 00 00
1788182065.3150232,0x0,8,00 00 00 00 00 00 00 00
1788182065.3253832,0x120,4,04 7e 5e 00
1788182065.4257593,0x120,4,04 b0 5f 00
1788182065.526386,0x120,4,04 e2 60 00
1788182065.6268601,0x120,4,05 14 61 00
1788182065.7271907,0x120,4,05 46 62 00
1788182065.8275878,0x120,4,05 78 63 00
1788182065.9278998,0x120,4,05 aa 64 00
1788182066.0282018,0x120,4,05 dc 65 00
1788182066.1287868,0x120,4,06 0e 66 00
1788182066.229193,0x120,4,06 40 67 00
1788182066.32968,0x120,4,06 72 68 00
1788182066.4306712,0x120,4,06 a4 69 00
1788182066.5326488,0x120,4,06 d6 6a 00
1788182066.6335902,0x120,4,07 08 6b 00
1788182066.7339327,0x120,4,07 3a 6c 00
1788182066.8345566,0x120,4,07 6c 6d 00
1788182066.934944,0x120,4,07 9e 6e 00
1788182067.0362196,0x120,4,07 d0 6f 00
1788182067.1365404,0x120,4,08 02 70 00
1788182067.2366626,0x120,4,08 34 71 00
1788182067.3234103,0x120,4,2d 6c 00 e7
1788182067.338333,0x120,4,08 66 72 00
1788182067.374827,0x120,4,26 38 00 ca
1788182067.428453,0x120,4,29 84 00 cc
1788182067.4392092,0x120,4,08 98 73 00
1788182067.4791079,0x120,4,26 97 00 d1
1788182067.5303462,0x120,4,24 0e 00 d9
1788182067.5397916,0x120,4,08 ca 74 00
1788182067.5818224,0x120,4,2d 7c 00 ec
1788182067.6328266,0x120,4,23 8f 00 dc
1788182067.6404984,0x120,4,08 fc 75 00
1788182067.6843488,0x120,4,24 43 00 dc
1788182067.7347744,0x120,4,2b b2 00 d1
1788182067.7413783,0x120,4,09 2e 76 00
1788182067.7856407,0x120,4,2c c9 00 ec
1788182067.8362336,0x120,4,2a bb 00 db
1788182067.8416984,0x120,4,09 60 77 00
1788182067.888517,0x120,4,25 9a 00 dc
1788182067.9408977,0x120,4,29 ad 00 dd
1788182067.942024,0x120,4,09 92 78 00
1788182067.9928055,0x120,4,27 78 00 de
1788182068.042504,0x120,4,09 c4 00 00
1788182068.0437672,0x120,4,2e 5b 00 bf
1788182068.0947847,0x120,4,29 99 00 cd
1788182068.143522,0x120,4,09 f6 01 00
1788182068.145539,0x120,4,26 ec 00 c2
1788182068.1961823,0x120,4,2e 14 00 df
1788182068.2448518,0x120,4,0a 28 02 00
1788182068.2465467,0x120,4,26 79 00 c7
1788182068.2968814,0x120,4,23 aa 00 c4
1788182068.3460057,0x120,4,0a 5a 03 00
1788182068.347807,0x120,4,27 ac 00 ce
1788182068.39868,0x120,4,23 ee 00 b7
1788182068.4464307,0x120,4,0a 8c 04 00
1788182068.4491608,0x120,4,26 2f 00 d4
1788182068.5005603,0x120,4,24 54 00 bc
1788182068.5468156,0x120,4,0a be 05 00
1788182068.5512931,0x120,4,26 e8 00 c1
1788182068.601767,0x120,4,28 9f 00 f0
1788182068.6482885,0x120,4,0a f0 06 00
1788182068.6523516,0x120,4,26 18 00 cb
1788182068.7031486,0x120,4,26 56 00 db
1788182068.7496634,0x120,4,0b 22 07 00
1788182068.754113,0x120,4,29 d0 00 b7
1788182068.8044584,0x120,4,24 ac 00 b7
1788182068.8505068,0x120,4,0b 54 08 00
1788182068.9507666,0x120,4,0b 86 09 00
1788182069.0510259,0x120,4,0b b8 0a 00
1788182069.15118,0x120,4,0b ea 0b 00
1788182069.252011,0x120,4,0c 1c 0c 00
1788182069.3525946,0x120,4,0c 4e 0d 00
1788182069.4528348,0x120,4,0c 80 0e 00
1788182069.5534115,0x120,4,0c b2 0f 00
1788182069.6547008,0x120,4,0c e4 10 00
1788182069.7561538,0x120,4,0d 16 11 00
1788182069.85636,0x120,4,0d 48 12 00
1788182069.9566724,0x120,4,0d 7a 13 00
1788182070.0570664,0x120,4,0d ac 14 00
1788182070.1576324,0x120,4,0d de 15 00
1788182070.2592294,0x120,4,0e 10 16 00
1788182070.3599536,0x120,4,0e 42 17 00
1788182070.4601755,0x120,4,0e 74 18 00
1788182070.5645382,0x120,4,0e a6 19 00
1788182070.6650674,0x120,4,0e d8 1a 00
1788182070.7652335,0x120,4,0f 0a 1b 00
1788182070.8659546,0x120,4,0f 3c 1c 00
1788182070.9683008,0x120,4,0f 6e 1d 00
1788182071.0687833,0x120,4,0f a0 1e 00
1788182071.1692436,0x120,4,0f d2 1f 00
1788182071.2716272,0x120,4,10 04 20 00
1788182071.371939,0x120,4,10 36 21 00
1788182071.4754715,0x120,4,10 68 22 00
1788182071.576294,0x120,4,10 9a 23 00
1788182071.677164,0x120,4,10 cc 24 00
1788182071.777648,0x120,4,10 fe 25 00
1788182071.8780632,0x120,4,11 30 26 00
1788182071.9782333,0x120,4,11 62 27 00
1788182072.0787568,0x120,4,11 94 28 00
1788182072.179,0x120,4,03 20 29 00
1788182072.2791798,0x120,4,03 52 2a 00
1788182072.3797436,0x120,4,03 84 2b 00
1788182072.4802012,0x120,4,03 b6 2c 00
1788182072.580704,0x120,4,03 e8 2d 00
1788182072.6812782,0x120,4,04 1a 2e 00
1788182072.7815597,0x120,4,04 4c 2f 00
1788182072.882006,0x120,4,04 7e 30 00
1788182072.9826612,0x120,4,04 b0 31 00
1788182073.0830374,0x120,4,04 e2 32 00
1788182073.1834707,0x120,4,05 14 33 00
1788182073.284366,0x120,4,05 46 34 00
1788182073.384607,0x120,4,05 78 35 00
1788182073.4851012,0x120,4,05 aa 36 00
1788182073.5853074,0x120,4,05 dc 37 00
1788182073.6854708,0x120,4,06 0e 38 00
1788182073.7858949,0x120,4,06 40 39 00
1788182073.8863308,0x120,4,06 72 3a 00
1788182073.986588,0x120,4,06 a4 3b 00
1788182074.0871613,0x120,4,06 d6 3c 00
1788182074.187888,0x120,4,07 08 3d 00
1788182074.2882366,0x120,4,07 3a 3e 00
1788182074.3898857,0x120,4,07 6c 3f 00
1788182074.491341,0x120,4,07 9e 40 00
1788182074.591833,0x120,4,07 d0 41 00
1788182074.6924124,0x120,4,08 02 42 00
1788182074.7933817,0x120,4,08 34 43 00
1788182074.896193,0x120,4,08 66 44 00
1788182074.9974363,0x120,4,08 98 45 00
1788182075.0980566,0x120,4,08 ca 46 00
1788182075.198272,0x120,4,08 fc 47 00
1788182075.2991111,0x120,4,09 2e 48 00
1788182075.400285,0x120,4,09 60 49 00
1788182075.5008001,0x120,4,09 92 4a 00
1788182075.6020272,0x120,4,09 c4 4b 00
1788182075.7027004,0x120,4,09 f6 4c 00
1788182075.8028915,0x120,4,0a 28 4d 00
1788182075.9030397,0x120,4,0a 5a 4e 00
1788182076.0032802,0x120,4,0a 8c 4f 00
1788182076.1034622,0x120,4,0a be 50 00
1788182076.2039587,0x120,4,0a f0 51 00
1788182076.304279,0x120,4,0b 22 52 00
1788182076.4048276,0x120,4,0b 54 53 00
1788182076.50527,0x120,4,0b 86 54 00
1788182076.6057837,0x120,4,0b b8 55 00
1788182076.7059152,0x120,4,0b ea 56 00
1788182076.806221,0x120,4,0c 1c 57 00
1788182076.9068935,0x120,4,0c 4e 58 00
1788182077.0075998,0x120,4,0c 80 59 00
1788182077.1079512,0x120,4,0c b2 5a 00
1788182077.2081742,0x120,4,0c e4 5b 00
1788182077.3086998,0x120,4,0d 16 5c 00
1788182077.4089713,0x120,4,0d 48 5d 00
1788182077.5103781,0x120,4,0d 7a 5e 00
1788182077.61094,0x120,4,0d ac 5f 00
1788182077.711364,0x120,4,0d de 60 00
1788182077.8117406,0x120,4,0e 10 61 00
1788182077.9120147,0x120,4,0e 42 62 00
1788182078.0124977,0x120,4,0e 74 63 00
1788182078.1127717,0x120,4,0e a6 64 00
1788182078.212913,0x120,4,0e d8 65 00
1788182078.3134174,0x120,4,0f 0a 66 00
1788182078.4140453,0x120,4,0f 3c 67 00
1788182078.5145144,0x120,4,0f 6e 68 00
1788182078.6174517,0x120,4,0f a0 69 00
1788182078.7179747,0x120,4,0f d2 6a 00
1788182078.819956,0x120,4,10 04 6b 00
1788182078.9213455,0x120,4,10 36 6c 00
1788182079.0244362,0x120,4,10 68 6d 00
1788182079.125131,0x120,4,10 9a 6e 00
1788182079.228544,0x120,4,10 cc 6f 00
1788182079.3302224,0x120,4,10 fe 70 00
1788182079.4318295,0x120,4,11 30 71 00
1788182079.5359576,0x120,4,11 62 72 00
1788182079.6367815,0x120,4,11 94 73 00
1788182079.7370648,0x120,4,03 20 74 00
1788182079.837573,0x120,4,03 52 75 00
1788182079.9377124,0x120,4,03 84 76 00
1788182080.038243,0x120,4,03 b6 77 00
1788182080.138553,0x120,4,03 e8 78 00
1788182080.2386677,0x120,4,04 1a 00 00
1788182080.339606,0x120,4,04 4c 01 00
1788182080.4398928,0x120,4,04 7e 02 00
1788182080.5400624,0x120,4,04 b0 03 00
1788182080.6402395,0x120,4,04 e2 04 00
1788182080.7405353,0x120,4,05 14 05 00
1788182080.8413682,0x120,4,05 46 06 00
1788182080.9415078,0x120,4,05 78 07 00
1788182081.0419977,0x120,4,05 aa 08 00
1788182081.1426115,0x120,4,05 dc 09 00
1788182081.243028,0x120,4,06 0e 0a 00
1788182081.343693,0x120,4,06 40 0b 00
1788182081.4440978,0x120,4,06 72 0c 00
1788182081.544763,0x120,4,06 a4 0d 00
1788182081.6481984,0x120,4,06 d6 0e 00
1788182081.7492359,0x120,4,07 08 0f 00
1788182081.8495963,0x120,4,07 3a 10 00
1788182081.9524114,0x120,4,07 6c 11 00
1788182082.0525994,0x120,4,07 9e 12 00
1788182082.152799,0x120,4,07 d0 13 00
1788182082.2534425,0x120,4,08 02 14 00
1788182082.3541539,0x120,4,08 34 15 00
1788182082.4543755,0x120,4,08 66 16 00
1788182082.5561507,0x120,4,08 98 17 00
1788182082.6594393,0x120,4,08 ca 18 00
1788182082.760128,0x120,4,08 fc 19 00
1788182082.86117,0x120,4,09 2e 1a 00
1788182082.9614248,0x120,4,09 60 1b 00
1788182083.0616286,0x120,4,09 92 1c 00
1788182083.1622326,0x120,4,09 c4 1d 00
1788182083.2628174,0x120,4,09 f6 1e 00
1788182083.363356,0x120,4,0a 28 1f 00
1788182083.4639843,0x120,4,0a 5a 20 00
1788182083.5644612,0x120,4,0a 8c 21 00
1788182083.6646552,0x120,4,0a be 22 00
1788182083.765055,0x120,4,0a f0 23 00
1788182083.8655274,0x120,4,0b 22 24 00
1788182083.9658616,0x120,4,0b 54 25 00
1788182084.0661724,0x120,4,0b 86 26 00
1788182084.166356,0x120,4,0b b8 27 00
1788182084.2665873,0x120,4,0b ea 28 00
1788182084.369949,0x120,4,0c 1c 29 00
1788182084.4702458,0x120,4,0c 4e 2a 00
1788182084.5708027,0x120,4,0c 80 2b 00
1788182084.6710281,0x120,4,0c b2 2c 00
1788182084.771925,0x120,4,0c e4 2d 00
1788182084.8722477,0x120,4,0d 16 2e 00
1788182084.975612,0x120,4,0d 48 2f 00
1788182085.0759997,0x120,4,0d 7a 30 00
1788182085.180159,0x120,4,0d ac 31 00
1788182085.2831378,0x120,4,0d de 32 00
1788182085.3833625,0x120,4,0e 10 33 00
1788182085.4838538,0x120,4,0e 42 34 00
1788182085.584615,0x120,4,0e 74 35 00
1788182085.6873484,0x120,4,0e a6 36 00
1788182085.7877276,0x120,4,0e d8 37 00
1788182085.8878987,0x120,4,0f 0a 38 00
1788182085.988079,0x120,4,0f 3c 39 00
1788182086.0886455,0x120,4,0f 6e 3a 00
1788182086.189259,0x120,4,0f a0 3b 00
1788182086.291785,0x120,4,0f d2 3c 00
1788182086.3924668,0x120,4,10 04 3d 00
1788182086.4928155,0x120,4,10 36 3e 00
1788182086.593099,0x120,4,10 68 3f 00
1788182086.693343,0x120,4,10 9a 40 00
1788182086.794139,0x120,4,10 cc 41 00
1788182086.8962853,0x120,4,10 fe 42 00
1788182086.996442,0x120,4,11 30 43 00
1788182087.0976892,0x120,4,11 62 44 00
1788182087.2001143,0x120,4,11 94 45 00
1788182087.300828,0x120,4,03 20 46 00
1788182087.404154,0x120,4,03 52 47 00
1788182087.5076988,0x120,4,03 84 48 00
1788182087.60994,0x120,4,03 b6 49 00
1788182087.7102656,0x120,4,03 e8 4a 00
1788182087.8108938,0x120,4,04 1a 4b 00
1788182087.9114234,0x120,4,04 4c 4c 00
1788182088.0117853,0x120,4,04 7e 4d 00
1788182088.1124868,0x120,4,04 b0 4e 00
1788182088.2142098,0x120,4,04 e2 4f 00
1788182088.3147728,0x120,4,05 14 50 00
1788182088.4176955,0x120,4,05 46 51 00
1788182088.5181723,0x120,4,05 78 52 00
1788182088.6198983,0x120,4,05 aa 53 00
1788182088.7203672,0x120,4,05 dc 54 00
1788182088.820553,0x120,4,06 0e 55 00
1788182088.9212222,0x120,4,06 40 56 00
1788182089.0221205,0x120,4,06 72 57 00
1788182089.1226377,0x120,4,06 a4 58 00
1788182089.2229564,0x120,4,06 d6 59 00
1788182089.3237429,0x120,4,07 08 5a 00
1788182089.4242911,0x120,4,07 3a 5b 00
1788182089.5251462,0x120,4,07 6c 5c 00
1788182089.626112,0x120,4,07 9e 5d 00
1788182089.7267222,0x120,4,07 d0 5e 00
1788182089.82686,0x120,4,08 02 5f 00
1788182089.927993,0x120,4,08 34 60 00
1788182090.028536,0x120,4,08 66 61 00
1788182090.128702,0x120,4,08 98 62 00
1788182090.2288866,0x120,4,08 ca 63 00
1788182090.3292062,0x120,4,08 fc 64 00
1788182090.4298499,0x120,4,09 2e 65 00
1788182090.5303042,0x120,4,09 60 66 00
1788182090.6304867,0x120,4,09 92 67 00
1788182090.730881,0x120,4,09 c4 68 00
1788182090.8311055,0x120,4,09 f6 69 00
1788182090.9316313,0x120,4,0a 28 6a 00
1788182091.0321312,0x120,4,0a 5a 6b 00
1788182091.132648,0x120,4,0a 8c 6c 00
1788182091.2327874,0x120,4,0a be 6d 00
1788182091.3329153,0x120,4,0a f0 6e 00
1788182091.4330463,0x120,4,0b 22 6f 00
1788182091.5334468,0x120,4,0b 54 70 00
1788182091.6336794,0x120,4,0b 86 71 00
1788182091.7340348,0x120,4,0b b8 72 00
1788182091.834296,0x120,4,0b ea 73 00
1788182091.934716,0x120,4,0c 1c 74 00
1788182092.0351014,0x120,4,0c 4e 75 00
1788182092.1355999,0x120,4,0c 80 76 00
1788182092.239016,0x120,4,0c b2 77 00
1788182092.3397088,0x120,4,0c e4 78 00
1788182092.440107,0x120,4,0d 16 00 00
1788182092.5404959,0x120,4,0d 48 01 00
1788182092.6422575,0x120,4,0d 7a 02 00
1788182092.7426553,0x120,4,0d ac 03 00
1788182092.8429532,0x120,4,0d de 04 00
1788182092.9431674,0x120,4,0e 10 05 00
1788182093.0438972,0x120,4,0e 42 06 00
1788182093.146262,0x120,4,0e 74 07 00
1788182093.2465456,0x120,4,0e a6 08 00
1788182093.3471985,0x120,4,0e d8 09 00
1788182093.4475048,0x120,4,0f 0a 0a 00
1788182093.5476575,0x120,4,0f 3c 0b 00
1788182093.648248,0x120,4,0f 6e 0c 00
1788182093.7492092,0x120,4,0f a0 0d 00
1788182093.8498554,0x120,4,0f d2 0e 00
1788182093.950736,0x120,4,10 04 0f 00
1788182094.050987,0x120,4,10 36 10 00
1788182094.1513202,0x120,4,10 68 11 00
1788182094.2516608,0x120,4,10 9a 12 00
1788182094.3519402,0x120,4,10 cc 13 00
1788182094.452368,0x120,4,10 fe 14 00
1788182094.5531826,0x120,4,11 30 15 00
1788182094.6533854,0x120,4,11 62 16 00
1788182094.7536821,0x120,4,11 94 17 00
1788182094.8542159,0x120,4,03 20 18 00
1788182094.9544468,0x120,4,03 52 19 00
1788182095.054556,0x120,4,03 84 1a 00
1788182095.1552322,0x120,4,03 b6 1b 00
1788182095.2556322,0x120,4,03 e8 1c 00
1788182095.358754,0x120,4,04 1a 1d 00
1788182095.4597409,0x120,4,04 4c 1e 00
1788182095.5603418,0x120,4,04 7e 1f 00
1788182095.6610208,0x120,4,04 b0 20 00
1788182095.7611349,0x120,4,04 e2 21 00
1788182095.8613415,0x120,4,05 14 22 00
1788182095.9623473,0x120,4,05 46 23 00
1788182096.0630348,0x120,4,05 78 24 00
1788182096.1633823,0x120,4,05 aa 25 00
1788182096.2635438,0x120,4,05 dc 26 00
1788182096.3640656,0x120,4,06 0e 27 00
1788182096.4644377,0x120,4,06 40 28 00
1788182096.5649722,0x120,4,06 72 29 00
1788182096.6657696,0x120,4,06 a4 2a 00
1788182096.7661247,0x120,4,06 d6 2b 00
1788182096.8666558,0x120,4,07 08 2c 00
1788182096.967063,0x120,4,07 3a 2d 00
1788182097.0674288,0x120,4,07 6c 2e 00
1788182097.1682737,0x120,4,07 9e 2f 00
1788182097.2688801,0x120,4,07 d0 30 00
1788182097.3690364,0x120,4,08 02 31 00
1788182097.4691792,0x120,4,08 34 32 00
1788182097.56964,0x120,4,08 66 33 00
1788182097.6700242,0x120,4,08 98 34 00
1788182097.770478,0x120,4,08 ca 35 00
1788182097.8707829,0x120,4,08 fc 36 00
1788182097.971119,0x120,4,09 2e 37 00
1788182098.0728662,0x120,4,09 60 38 00
1788182098.173305,0x120,4,09 92 39 00
1788182098.2734635,0x120,4,09 c4 3a 00
1788182098.374073,0x120,4,09 f6 3b 00
1788182098.474358,0x120,4,0a 28 3c 00
1788182098.5748274,0x120,4,0a 5a 3d 00
1788182098.674981,0x120,4,0a 8c 3e 00
1788182098.7754793,0x120,4,0a be 3f 00
1788182098.8766575,0x120,4,0a f0 40 00
1788182098.9775608,0x120,4,0b 22 41 00
1788182099.0781813,0x120,4,0b 54 42 00
1788182099.1798723,0x120,4,0b 86 43 00
1788182099.2811592,0x120,4,0b b8 44 00
1788182099.384922,0x120,4,0b ea 45 00
1788182099.4858801,0x120,4,0c 1c 46 00
1788182099.5862727,0x120,4,0c 4e 47 00
1788182099.6870196,0x120,4,0c 80 48 00
1788182099.7872918,0x120,4,0c b2 49 00
1788182099.8876224,0x120,4,0c e4 4a 00
1788182099.9878871,0x120,4,0d 16 4b 00
1788182100.0890417,0x120,4,0d 48 4c 00
1788182100.1891935,0x120,4,0d 7a 4d 00
1788182100.2893891,0x120,4,0d ac 4e 00
1788182100.3898199,0x120,4,0d de 4f 00
1788182100.4909582,0x120,4,0e 10 50 00
1788182100.591111,0x120,4,0e 42 51 00
1788182100.6920567,0x120,4,0e 74 52 00
1788182100.7921875,0x120,4,0e a6 53 00
1788182100.8924935,0x120,4,0e d8 54 00
1788182100.993362,0x120,4,0f 0a 55 00
1788182101.0936224,0x120,4,0f 3c 56 00
1788182101.1939225,0x120,4,0f 6e 57 00
1788182101.2945087,0x120,4,0f a0 58 00
1788182101.3957374,0x120,4,0f d2 59 00
1788182101.497677,0x120,4,10 04 5a 00
1788182101.5992088,0x120,4,10 36 5b 00
1788182101.699753,0x120,4,10 68 5c 00
1788182101.8002684,0x120,4,10 9a 5d 00
1788182101.9025736,0x120,4,10 cc 5e 00
1788182102.0035577,0x120,4,10 fe 5f 00
1788182102.1036823,0x120,4,11 30 60 00
1788182102.2039156,0x120,4,11 62 61 00
1788182102.3043773,0x120,4,11 94 62 00
1788182102.404655,0x120,4,03 20 63 00
1788182102.5048938,0x120,4,03 52 64 00
1788182102.6050422,0x120,4,03 84 65 00
1788182102.7053065,0x120,4,03 b6 66 00
1788182102.8121076,0x120,4,03 e8 67 00
1788182102.9122689,0x120,4,04 1a 68 00
1788182103.012495,0x120,4,04 4c 69 00
1788182103.113246,0x120,4,04 7e 6a 00
1788182103.2133856,0x120,4,04 b0 6b 00
1788182103.313615,0x120,4,04 e2 6c 00
1788182103.4145567,0x120,4,05 14 6d 00
1788182103.5152493,0x120,4,05 46 6e 00
1788182103.6154575,0x120,4,05 78 6f 00
1788182103.7156386,0x120,4,05 aa 70 00
1788182103.8159811,0x120,4,05 dc 71 00
1788182103.9162452,0x120,4,06 0e 72 00
1788182104.0165017,0x120,4,06 40 73 00
1788182104.1168208,0x120,4,06 72 74 00
1788182104.217259,0x120,4,06 a4 75 00
1788182104.3197758,0x120,4,06 d6 76 00
1788182104.420656,0x120,4,07 08 77 00
1788182104.521152,0x120,4,07 3a 78 00
1788182104.6227229,0x120,4,07 6c 00 00
1788182104.724077,0x120,4,07 9e 01 00
1788182104.824364,0x120,4,07 d0 02 00
1788182104.926612,0x120,4,08 02 03 00
1788182105.026817,0x120,4,08 34 04 00
1788182105.1283226,0x120,4,08 66 05 00
1788182105.2284865,0x120,4,08 98 06 00
1788182105.3292913,0x120,4,08 ca 07 00
1788182105.42958,0x120,4,08 fc 08 00
1788182105.5297549,0x120,4,09 2e 09 00
1788182105.6304507,0x120,4,09 60 0a 00
1788182105.730604,0x120,4,09 92 0b 00
1788182105.8310597,0x120,4,09 c4 0c 00
1788182105.9316049,0x120,4,09 f6 0d 00
1788182106.0319886,0x120,4,0a 28 0e 00
1788182106.1328852,0x120,4,0a 5a 0f 00
1788182106.2335398,0x120,4,0a 8c 10 00
1788182106.3344579,0x120,4,0a be 11 00
1788182106.4346874,0x120,4,0a f0 12 00
1788182106.5361443,0x120,4,0b 22 13 00
1788182106.640041,0x120,4,0b 54 14 00
1788182106.740402,0x120,4,0b 86 15 00
1788182106.8405957,0x120,4,0b b8 16 00
1788182106.9409723,0x120,4,0b ea 17 00
1788182107.042032,0x120,4,0c 1c 18 00
1788182107.142941,0x120,4,0c 4e 19 00
1788182107.2439773,0x120,4,0c 80 1a 00
1788182107.3444555,0x120,4,0c b2 1b 00
1788182107.444887,0x120,4,0c e4 1c 00
1788182107.5454886,0x120,4,0d 16 1d 00
1788182107.6483984,0x120,4,0d 48 1e 00
1788182107.751582,0x120,4,0d 7a 1f 00
1788182107.8526185,0x120,4,0d ac 20 00
1788182107.9527676,0x120,4,0d de 21 00
1788182108.0533643,0x120,4,0e 10 22 00
1788182108.1535933,0x120,4,0e 42 23 00
1788182108.2539048,0x120,4,0e 74 24 00
1788182108.3558908,0x120,4,0e a6 25 00
1788182108.456644,0x120,4,0e d8 26 00
1788182108.5572793,0x120,4,0f 0a 27 00
1788182108.6580963,0x120,4,0f 3c 28 00
1788182108.7584162,0x120,4,0f 6e 29 00
1788182108.8589013,0x120,4,0f a0 2a 00
1788182108.959086,0x120,4,0f d2 2b 00
1788182109.0595922,0x120,4,10 04 2c 00
1788182109.1601207,0x120,4,10 36 2d 00
1788182109.2604275,0x120,4,10 68 2e 00
1788182109.3630583,0x120,4,10 9a 2f 00
1788182109.4649804,0x120,4,10 cc 30 00
1788182109.565672,0x120,4,10 fe 31 00
1788182109.668144,0x120,4,11 30 32 00
1788182109.7686656,0x120,4,11 62 33 00
1788182109.871604,0x120,4,11 94 34 00
1788182109.972706,0x120,4,03 20 35 00
1788182110.072873,0x120,4,03 52 36 00
1788182110.173361,0x120,4,03 84 37 00
1788182110.2738438,0x120,4,03 b6 38 00
1788182110.375791,0x120,4,03 e8 39 00
1788182110.4779704,0x120,4,04 1a 3a 00
1788182110.5801558,0x120,4,04 4c 3b 00
1788182110.6813092,0x120,4,04 7e 3c 00
1788182110.7815883,0x120,4,04 b0 3d 00
1788182110.8820047,0x120,4,04 e2 3e 00
1788182110.9842608,0x120,4,05 14 3f 00
1788182111.0846846,0x120,4,05 46 40 00
1788182111.1850858,0x120,4,05 78 41 00
1788182111.2854998,0x120,4,05 aa 42 00
1788182111.3873446,0x120,4,05 dc 43 00
1788182111.4883676,0x120,4,06 0e 44 00
1788182111.5917246,0x120,4,06 40 45 00
1788182111.692134,0x120,4,06 72 46 00
1788182111.7930079,0x120,4,06 a4 47 00
1788182111.893451,0x120,4,06 d6 48 00
1788182111.9938514,0x120,4,07 08 49 00
1788182112.096575,0x120,4,07 3a 4a 00
1788182112.1967728,0x120,4,07 6c 4b 00
1788182112.2970908,0x120,4,07 9e 4c 00
1788182112.397599,0x120,4,07 d0 4d 00
1788182112.4981878,0x120,4,08 02 4e 00
1788182112.5984728,0x120,4,08 34 4f 00
1788182112.698738,0x120,4,08 66 50 00
1788182112.8011324,0x120,4,08 98 51 00
1788182112.9013119,0x120,4,08 ca 52 00
1788182113.001453,0x120,4,08 fc 53 00
1788182113.101882,0x120,4,09 2e 54 00
1788182113.2026987,0x120,4,09 60 55 00
1788182113.3032374,0x120,4,09 92 56 00
1788182113.4034023,0x120,4,09 c4 57 00
1788182113.5035644,0x120,4,09 f6 58 00
1788182113.6039522,0x120,4,0a 28 59 00
1788182113.7041652,0x120,4,0a 5a 5a 00
1788182113.8066518,0x120,4,0a 8c 5b 00
1788182113.906927,0x120,4,0a be 5c 00
1788182114.0072515,0x120,4,0a f0 5d 00
1788182114.1096416,0x120,4,0b 22 5e 00
1788182114.2098503,0x120,4,0b 54 5f 00
1788182114.3106763,0x120,4,0b 86 60 00
1788182114.4112322,0x120,4,0b b8 61 00
1788182114.5115392,0x120,4,0b ea 62 00
1788182114.6117144,0x120,4,0c 1c 63 00
1788182114.7122588,0x120,4,0c 4e 64 00
1788182114.8124862,0x120,4,0c 80 65 00
1788182114.912977,0x120,4,0c b2 66 00
1788182115.0133278,0x120,4,0c e4 67 00
1788182115.1156793,0x120,4,0d 16 68 00
1788182115.216202,0x120,4,0d 48 69 00
1788182115.3164477,0x120,4,0d 7a 6a 00
1788182115.4170272,0x120,4,0d ac 6b 00
1788182115.5172737,0x120,4,0d de 6c 00
1788182115.6176898,0x120,4,0e 10 6d 00
1788182115.718039,0x120,4,0e 42 6e 00
1788182115.8185375,0x120,4,0e 74 6f 00
1788182115.9190495,0x120,4,0e a6 70 00
1788182116.019177,0x120,4,0e d8 71 00
1788182116.1195192,0x120,4,0f 0a 72 00
1788182116.2199426,0x120,4,0f 3c 73 00
1788182116.3203716,0x120,4,0f 6e 74 00
1788182116.4206,0x120,4,0f a0 75 00
1788182116.522562,0x120,4,0f d2 76 00
1788182116.6268833,0x120,4,10 04 77 00
1788182116.727418,0x120,4,10 36 78 00
1788182116.8282883,0x120,4,10 68 00 00
1788182116.9288042,0x120,4,10 9a 01 00
1788182117.02909,0x120,4,10 cc 02 00
1788182117.1331792,0x120,4,10 fe 03 00
1788182117.2349553,0x120,4,11 30 04 00
1788182117.3352296,0x120,4,11 62 05 00
1788182117.4353995,0x120,4,11 94 06 00
1788182117.5361543,0x120,4,03 20 07 00
1788182117.6364126,0x120,4,03 52 08 00
1788182117.7369547,0x120,4,03 84 09 00
1788182117.8372605,0x120,4,03 b6 0a 00
1788182117.9436314,0x120,4,03 e8 0b 00
1788182118.0447686,0x120,4,04 1a 0c 00
1788182118.1452215,0x120,4,04 4c 0d 00
1788182118.245792,0x120,4,04 7e 0e 00
1788182118.3460205,0x120,4,04 b0 0f 00
1788182118.4466283,0x120,4,04 e2 10 00
1788182118.5468984,0x120,4,05 14 11 00
1788182118.6471334,0x120,4,05 46 12 00
1788182118.7496498,0x120,4,05 78 13 00
1788182118.8502104,0x120,4,05 aa 14 00
1788182118.9504416,0x120,4,05 dc 15 00
1788182119.0506265,0x120,4,06 0e 16 00
1788182119.151,0x120,4,06 40 17 00
1788182119.2515314,0x120,4,06 72 18 00
1788182119.3537312,0x120,4,06 a4 19 00
1788182119.4539392,0x120,4,06 d6 1a 00
1788182119.555747,0x120,4,07 08 1b 00
1788182119.6579638,0x120,4,07 3a 1c 00
1788182119.7602668,0x120,4,07 6c 1d 00
1788182119.8608031,0x120,4,07 9e 1e 00
1788182119.9610064,0x120,4,07 d0 1f 00
1788182120.0619674,0x120,4,08 02 20 00
1788182120.1622772,0x120,4,08 34 21 00
1788182120.262832,0x120,4,08 66 22 00
1788182120.3640354,0x120,4,08 98 23 00
1788182120.464236,0x120,4,08 ca 24 00
1788182120.5647411,0x120,4,08 fc 25 00
1788182120.6651883,0x120,4,09 2e 26 00
1788182120.7654686,0x120,4,09 60 27 00
1788182120.8659627,0x120,4,09 92 28 00
1788182120.9698157,0x120,4,09 c4 29 00
1788182121.070222,0x120,4,09 f6 2a 00
1788182121.1717885,0x120,4,0a 28 2b 00
1788182121.275613,0x120,4,0a 5a 2c 00
1788182121.3761768,0x120,4,0a 8c 2d 00
1788182121.476725,0x120,4,0a be 2e 00
1788182121.5772069,0x120,4,0a f0 2f 00
1788182121.6774623,0x120,4,0b 22 30 00
1788182121.7781692,0x120,4,0b 54 31 00
1788182121.8784177,0x120,4,0b 86 32 00
1788182121.979568,0x120,4,0b b8 33 00
1788182122.0806515,0x120,4,0b ea 34 00
1788182122.1814892,0x120,4,0c 1c 35 00
1788182122.2817638,0x120,4,0c 4e 36 00
1788182122.3831897,0x120,4,0c 80 37 00
1788182122.4836576,0x120,4,0c b2 38 00
1788182122.583859,0x120,4,0c e4 39 00
1788182122.6843467,0x120,4,0d 16 3a 00
1788182122.7850108,0x120,4,0d 48 3b 00
1788182122.8863244,0x120,4,0d 7a 3c 00
1788182122.98685,0x120,4,0d ac 3d 00
1788182123.087339,0x120,4,0d de 3e 00
1788182123.187505,0x120,4,0e 10 3f 00
1788182123.2884912,0x120,4,0e 42 40 00
1788182123.3887436,0x120,4,0e 74 41 00
1788182123.4892325,0x120,4,0e a6 42 00
1788182123.589509,0x120,4,0e d8 43 00
1788182123.69041,0x120,4,0f 0a 44 00
1788182123.790606,0x120,4,0f 3c 45 00
1788182123.8927343,0x120,4,0f 6e 46 00
1788182123.9929903,0x120,4,0f a0 47 00
1788182124.0933323,0x120,4,0f d2 48 00
1788182124.193513,0x120,4,10 04 49 00
1788182124.293675,0x120,4,10 36 4a 00
1788182124.394275,0x120,4,10 68 4b 00
1788182124.4947772,0x120,4,10 9a 4c 00
1788182124.5949368,0x120,4,10 cc 4d 00
1788182124.6952858,0x120,4,10 fe 4e 00
1788182124.7960653,0x120,4,11 30 4f 00
1788182124.897,0x120,4,11 62 50 00
1788182124.9973207,0x120,4,11 94 51 00
1788182125.0979295,0x120,4,03 20 52 00
1788182125.198333,0x120,4,03 52 53 00
1788182125.2990427,0x120,4,03 84 54 00
1788182125.3994915,0x120,4,03 b6 55 00
1788182125.5002298,0x120,4,03 e8 56 00
1788182125.6007383,0x120,4,04 1a 57 00
1788182125.7012243,0x120,4,04 4c 58 00
1788182125.8015044,0x120,4,04 7e 59 00
1788182125.9018912,0x120,4,04 b0 5a 00
1788182126.0022237,0x120,4,04 e2 5b 00
1788182126.102576,0x120,4,05 14 5c 00
1788182126.2030463,0x120,4,05 46 5d 00
1788182126.3033464,0x120,4,05 78 5e 00
1788182126.4045079,0x120,4,05 aa 5f 00
1788182126.5060613,0x120,4,05 dc 60 00
1788182126.6068509,0x120,4,06 0e 61 00
1788182126.7082012,0x120,4,06 40 62 00
1788182126.8086662,0x120,4,06 72 63 00
1788182126.909085,0x120,4,06 a4 64 00
1788182127.0098984,0x120,4,06 d6 65 00
1788182127.1122375,0x120,4,07 08 66 00
1788182127.2129018,0x120,4,07 3a 67 00
1788182127.315876,0x120,4,07 6c 68 00
1788182127.4162612,0x120,4,07 9e 69 00
1788182127.5165625,0x120,4,07 d0 6a 00
1788182127.6171913,0x120,4,08 02 6b 00
1788182127.7174015,0x120,4,08 34 6c 00
1788182127.8187132,0x120,4,08 66 6d 00
1788182127.9190516,0x120,4,08 98 6e 00
1788182128.0194097,0x120,4,08 ca 6f 00
1788182128.1195703,0x120,4,08 fc 70 00
1788182128.2204213,0x120,4,09 2e 71 00
1788182128.3215222,0x120,4,09 60 72 00
1788182128.4216828,0x120,4,09 92 73 00
1788182128.5219843,0x120,4,09 c4 74 00
1788182128.6222777,0x120,4,09 f6 75 00
1788182128.7244165,0x120,4,0a 28 76 00
1788182128.8246,0x120,4,0a 5a 77 00
1788182128.9248934,0x120,4,0a 8c 78 00
1788182129.025855,0x120,4,0a be 00 00
1788182129.127976,0x120,4,0a f0 01 00
1788182129.2282844,0x120,4,0b 22 02 00
1788182129.329161,0x120,4,0b 54 03 00
1788182129.4294713,0x120,4,0b 86 04 00
1788182129.530406,0x120,4,0b b8 05 00
1788182129.6308143,0x120,4,0b ea 06 00
1788182129.7321627,0x120,4,0c 1c 07 00
1788182129.8350687,0x120,4,0c 4e 08 00
1788182129.9353232,0x120,4,0c 80 09 00
1788182130.0359845,0x120,4,0c b2 0a 00
1788182130.1362684,0x120,4,0c e4 0b 00
1788182130.2367697,0x120,4,0d 16 0c 00
1788182130.3404408,0x120,4,0d 48 0d 00
1788182130.4409242,0x120,4,0d 7a 0e 00
1788182130.5411234,0x120,4,0d ac 0f 00
1788182130.644151,0x120,4,0d de 10 00
1788182130.7444928,0x120,4,0e 10 11 00
1788182130.8461328,0x120,4,0e 42 12 00
1788182130.9462535,0x120,4,0e 74 13 00
1788182131.0465577,0x120,4,0e a6 14 00
1788182131.1472259,0x120,4,0e d8 15 00
1788182131.2476783,0x120,4,0f 0a 16 00
1788182131.3481026,0x120,4,0f 3c 17 00
1788182131.448835,0x120,4,0f 6e 18 00
1788182131.549306,0x120,4,0f a0 19 00
1788182131.6497374,0x120,4,0f d2 1a 00
1788182131.7503986,0x120,4,10 04 1b 00
1788182131.8521647,0x120,4,10 36 1c 00
1788182131.9524398,0x120,4,10 68 1d 00
1788182132.055689,0x120,4,10 9a 1e 00
1788182132.1560297,0x120,4,10 cc 1f 00
1788182132.2566247,0x120,4,10 fe 20 00
1788182132.3568637,0x120,4,11 30 21 00
1788182132.4598987,0x120,4,11 62 22 00
1788182132.561705,0x120,4,11 94 23 00
1788182132.6628003,0x120,4,03 20 24 00
1788182132.7629921,0x120,4,03 52 25 00
1788182132.8634903,0x120,4,03 84 26 00
1788182132.9637613,0x120,4,03 b6 27 00
1788182133.0639536,0x120,4,03 e8 28 00
1788182133.164436,0x120,4,04 1a 29 00
1788182133.2646887,0x120,4,04 4c 2a 00
1788182133.3648763,0x120,4,04 7e 2b 00
1788182133.465024,0x120,4,04 b0 2c 00
1788182133.5657432,0x120,4,04 e2 2d 00
1788182133.6660998,0x120,4,05 14 2e 00
1788182133.7664573,0x120,4,05 46 2f 00
1788182133.8666365,0x120,4,05 78 30 00
1788182133.9671307,0x120,4,05 aa 31 00
1788182134.0674646,0x120,4,05 dc 32 00
1788182134.1691597,0x120,4,06 0e 33 00
1788182134.2700598,0x120,4,06 40 34 00
1788182134.3709557,0x120,4,06 72 35 00
1788182134.4713302,0x120,4,06 a4 36 00
1788182134.5723739,0x120,4,06 d6 37 00
1788182134.6725082,0x120,4,07 08 38 00
1788182134.7727118,0x120,4,07 3a 39 00
1788182134.8734894,0x120,4,07 6c 3a 00
1788182134.9737563,0x120,4,07 9e 3b 00
1788182135.0740273,0x120,4,07 d0 3c 00
1788182135.1744804,0x120,4,08 02 3d 00
1788182135.2762723,0x120,4,08 34 3e 00
1788182135.3768144,0x120,4,08 66 3f 00
1788182135.4772744,0x120,4,08 98 40 00
1788182135.577575,0x120,4,08 ca 41 00
1788182135.678218,0x120,4,08 fc 42 00
1788182135.7784402,0x120,4,09 2e 43 00
1788182135.8789535,0x120,4,09 60 44 00
1788182135.979339,0x120,4,09 92 45 00
1788182136.0796556,0x120,4,09 c4 46 00
1788182136.1803784,0x120,4,09 f6 47 00
1788182136.2805445,0x120,4,0a 28 48 00
1788182136.380712,0x120,4,0a 5a 49 00
1788182136.4809196,0x120,4,0a 8c 4a 00
1788182136.5813692,0x120,4,0a be 4b 00
1788182136.6819432,0x120,4,0a f0 4c 00
1788182136.7826376,0x120,4,0b 22 4d 00
1788182136.8832023,0x120,4,0b 54 4e 00
1788182136.9842496,0x120,4,0b 86 4f 00
1788182137.0844376,0x120,4,0b b8 50 00
1788182137.1846092,0x120,4,0b ea 51 00
1788182137.2848241,0x120,4,0c 1c 52 00
1788182137.3850431,0x120,4,0c 4e 53 00
1788182137.4881363,0x120,4,0c 80 54 00
1788182137.5918894,0x120,4,0c b2 55 00
1788182137.6920395,0x120,4,0c e4 56 00
1788182137.7922118,0x120,4,0d 16 57 00
1788182137.8925931,0x120,4,0d 48 58 00
1788182137.992958,0x120,4,0d 7a 59 00
1788182138.0933166,0x120,4,0d ac 5a 00
1788182138.193624,0x120,4,0d de 5b 00
1788182138.293751,0x120,4,0e 10 5c 00
1788182138.3940864,0x120,4,0e 42 5d 00
1788182138.4942527,0x120,4,0e 74 5e 00
1788182138.5948143,0x120,4,0e a6 5f 00
1788182138.6952486,0x120,4,0e d8 60 00
1788182138.7954,0x120,4,0f 0a 61 00
1788182138.9035246,0x120,4,0f 3c 62 00
1788182139.005327,0x120,4,0f 6e 63 00
1788182139.1060412,0x120,4,0f a0 64 00
1788182139.2066891,0x120,4,0f d2 65 00
1788182139.307454,0x120,4,10 04 66 00
1788182139.4082923,0x120,4,10 36 67 00
1788182139.5088968,0x120,4,10 68 68 00
1788182139.609458,0x120,4,10 9a 69 00
1788182139.7097208,0x120,4,10 cc 6a 00
1788182139.8101842,0x120,4,10 fe 6b 00
1788182139.910696,0x120,4,11 30 6c 00
1788182140.0108693,0x120,4,11 62 6d 00
1788182140.1114159,0x120,4,11 94 6e 00
1788182140.2155406,0x120,4,03 20 6f 00
1788182140.3162344,0x120,4,03 52 70 00
1788182140.4167001,0x120,4,03 84 71 00
1788182140.5170386,0x120,4,03 b6 72 00
1788182140.6173148,0x120,4,03 e8 73 00
1788182140.7175555,0x120,4,04 1a 74 00
1788182140.8179712,0x120,4,04 4c 75 00
1788182140.9182909,0x120,4,04 7e 76 00
1788182141.0200553,0x120,4,04 b0 77 00
1788182141.1209712,0x120,4,04 e2 78 00
1788182141.2212212,0x120,4,05 14 00 00
1788182141.3214111,0x120,4,05 46 01 00
1788182141.4218469,0x120,4,05 78 02 00
1788182141.5224555,0x120,4,05 aa 03 00
1788182141.6231084,0x120,4,05 dc 04 00
1788182141.723473,0x120,4,06 0e 05 00
1788182141.8256044,0x120,4,06 40 06 00
1788182141.9261622,0x120,4,06 72 07 00
1788182142.0266676,0x120,4,06 a4 08 00
1788182142.1275125,0x120,4,06 d6 09 00
1788182142.2281728,0x120,4,07 08 0a 00
1788182142.3284113,0x120,4,07 3a 0b 00
1788182142.4293818,0x120,4,07 6c 0c 00
1788182142.5297987,0x120,4,07 9e 0d 00
1788182142.629936,0x120,4,07 d0 0e 00
1788182142.730081,0x120,4,08 02 0f 00
1788182142.8311768,0x120,4,08 34 10 00
1788182142.9320235,0x120,4,08 66 11 00
1788182143.0325518,0x120,4,08 98 12 00
1788182143.1331694,0x120,4,08 ca 13 00
1788182143.234441,0x120,4,08 fc 14 00
1788182143.3352773,0x120,4,09 2e 15 00
1788182143.4359188,0x120,4,09 60 16 00
1788182143.539358,0x120,4,09 92 17 00
1788182143.6397111,0x120,4,09 c4 18 00
1788182143.7405486,0x120,4,09 f6 19 00
1788182143.840829,0x120,4,0a 28 1a 00
1788182143.941585,0x120,4,0a 5a 1b 00
1788182144.044256,0x120,4,0a 8c 1c 00
1788182144.1459649,0x120,4,0a be 1d 00
1788182144.2464044,0x120,4,0a f0 1e 00
1788182144.3484244,0x120,4,0b 22 1f 00
1788182144.4497814,0x120,4,0b 54 20 00
1788182144.5502374,0x120,4,0b 86 21 00
1788182144.6509352,0x120,4,0b b8 22 00
1788182144.7513285,0x120,4,0b ea 23 00
1788182144.8516788,0x120,4,0c 1c 24 00
1788182144.9520385,0x120,4,0c 4e 25 00
1788182145.0522902,0x120,4,0c 80 26 00
1788182145.1529822,0x120,4,0c b2 27 00
1788182145.253453,0x120,4,0c e4 28 00
1788182145.359231,0x120,4,0d 16 29 00
1788182145.4971335,0x120,4,0d 48 2a 00
1788182145.6255393,0x120,4,0d 7a 2b 00
1788182145.732457,0x120,4,0d ac 2c 00
1788182145.833511,0x120,4,0d de 2d 00
1788182145.9337645,0x120,4,0e 10 2e 00
1788182146.0353405,0x120,4,0e 42 2f 00
1788182146.1362154,0x120,4,0e 74 30 00
1788182146.2378483,0x120,4,0e a6 31 00
1788182146.3383517,0x120,4,0e d8 32 00
1788182146.438681,0x120,4,0f 0a 33 00
1788182146.5391886,0x120,4,0f 3c 34 00
1788182146.6400762,0x120,4,0f 6e 35 00
1788182146.7403774,0x120,4,0f a0 36 00
1788182146.8410947,0x120,4,0f d2 37 00
1788182146.9416826,0x120,4,10 04 38 00
1788182147.041978,0x120,4,10 36 39 00
1788182147.1423402,0x120,4,10 68 3a 00
1788182147.2426813,0x120,4,10 9a 3b 00
1788182147.3432267,0x120,4,10 cc 3c 00
1788182147.443625,0x120,4,10 fe 3d 00
1788182147.5441978,0x120,4,11 30 3e 00
1788182147.644628,0x120,4,11 62 3f 00
1788182147.7452648,0x120,4,11 94 40 00
1788182147.8454893,0x120,4,03 20 41 00
1788182147.9458802,0x120,4,03 52 42 00
1788182148.047395,0x120,4,03 84 43 00
1788182148.148221,0x120,4,03 b6 44 00
1788182148.2484329,0x120,4,03 e8 45 00
1788182148.3485994,0x120,4,04 1a 46 00
1788182148.449707,0x120,4,04 4c 47 00
1788182148.5503623,0x120,4,04 7e 48 00
1788182148.6517508,0x120,4,04 b0 49 00
1788182148.75246,0x120,4,04 e2 4a 00
1788182148.8552485,0x120,4,05 14 4b 00
1788182148.955804,0x120,4,05 46 4c 00
1788182149.0567043,0x120,4,05 78 4d 00
1788182149.1569593,0x120,4,05 aa 4e 00
1788182149.258555,0x120,4,05 dc 4f 00
1788182149.3589354,0x120,4,06 0e 50 00
1788182149.4599106,0x120,4,06 40 51 00
1788182149.5613809,0x120,4,06 72 52 00
1788182149.6618552,0x120,4,06 a4 53 00
1788182149.7622473,0x120,4,06 d6 54 00
1788182149.8624203,0x120,4,07 08 55 00
1788182149.963129,0x120,4,07 3a 56 00
1788182150.063349,0x120,4,07 6c 57 00
1788182150.1642277,0x120,4,07 9e 58 00
1788182150.264749,0x120,4,07 d0 59 00
1788182150.3649056,0x120,4,08 02 5a 00
1788182150.4659941,0x120,4,08 34 5b 00
1788182150.5661287,0x120,4,08 66 5c 00
1788182150.6665206,0x120,4,08 98 5d 00
1788182150.7667015,0x120,4,08 ca 5e 00
1788182150.867068,0x120,4,08 fc 5f 00
1788182150.9672832,0x120,4,09 2e 60 00
1788182151.0680745,0x120,4,09 60 61 00
1788182151.1683457,0x120,4,09 92 62 00
1788182151.268791,0x120,4,09 c4 63 00
1788182151.3692868,0x120,4,09 f6 64 00
1788182151.4700794,0x120,4,0a 28 65 00
1788182151.5708947,0x120,4,0a 5a 66 00
1788182151.671725,0x120,4,0a 8c 67 00
1788182151.7728014,0x120,4,0a be 68 00
1788182151.8763916,0x120,4,0a f0 69 00
1788182151.9770093,0x120,4,0b 22 6a 00
1788182152.0778859,0x120,4,0b 54 6b 00
1788182152.1811097,0x120,4,0b 86 6c 00
1788182152.2815092,0x120,4,0b b8 6d 00
1788182152.3821237,0x120,4,0b ea 6e 00
1788182152.483053,0x120,4,0c 1c 6f 00
1788182152.583503,0x120,4,0c 4e 70 00
1788182152.684561,0x120,4,0c 80 71 00
1788182152.7850657,0x120,4,0c b2 72 00
1788182152.885724,0x120,4,0c e4 73 00
1788182152.9890451,0x120,4,0d 16 74 00
1788182153.0897498,0x120,4,0d 48 75 00
1788182153.190474,0x120,4,0d 7a 76 00
1788182153.2924259,0x120,4,0d ac 77 00
1788182153.393214,0x120,4,0d de 78 00
1788182153.493489,0x120,4,0e 10 00 00
1788182153.5940404,0x120,4,0e 42 01 00
1788182153.6942742,0x120,4,0e 74 02 00
1788182153.7946117,0x120,4,0e a6 03 00
1788182153.894932,0x120,4,0e d8 04 00
1788182153.9956279,0x120,4,0f 0a 05 00
1788182154.0959067,0x120,4,0f 3c 06 00
1788182154.1960802,0x120,4,0f 6e 07 00
1788182154.2966344,0x120,4,0f a0 08 00
1788182154.396906,0x120,4,0f d2 09 00
1788182154.4992466,0x120,4,10 04 0a 00
1788182154.5996594,0x120,4,10 36 0b 00
1788182154.700018,0x120,4,10 68 0c 00
1788182154.8002236,0x120,4,10 9a 0d 00
1788182154.900359,0x120,4,10 cc 0e 00
1788182155.0007744,0x120,4,10 fe 0f 00
1788182155.1012785,0x120,4,11 30 10 00
1788182155.2019475,0x120,4,11 62 11 00
1788182155.3021202,0x120,4,11 94 12 00
1788182155.40339,0x120,4,03 20 13 00
1788182155.5035663,0x120,4,03 52 14 00
1788182155.6041563,0x120,4,03 84 15 00
1788182155.705318,0x120,4,03 b6 16 00
1788182155.8060424,0x120,4,03 e8 17 00
1788182155.9084601,0x120,4,04 1a 18 00
1788182156.0086212,0x120,4,04 4c 19 00
1788182156.1102316,0x120,4,04 7e 1a 00
1788182156.2105725,0x120,4,04 b0 1b 00
1788182156.3117437,0x120,4,04 e2 1c 00
1788182156.4120414,0x120,4,05 14 1d 00
1788182156.512203,0x120,4,05 46 1e 00
1788182156.6124525,0x120,4,05 78 1f 00
1788182156.7126637,0x120,4,05 aa 20 00
1788182156.812813,0x120,4,05 dc 21 00
1788182156.912932,0x120,4,06 0e 22 00
1788182157.0135484,0x120,4,06 40 23 00
1788182157.1141393,0x120,4,06 72 24 00
1788182157.2145727,0x120,4,06 a4 25 00
1788182157.3152037,0x120,4,06 d6 26 00
1788182157.415618,0x120,4,07 08 27 00
1788182157.5160322,0x120,4,07 3a 28 00
1788182157.61628,0x120,4,07 6c 29 00
1788182157.7165616,0x120,4,07 9e 2a 00
1788182157.8170624,0x120,4,07 d0 2b 00
1788182157.9177413,0x120,4,08 02 2c 00
1788182158.0203247,0x120,4,08 34 2d 00
1788182158.1239848,0x120,4,08 66 2e 00
1788182158.2260172,0x120,4,08 98 2f 00
1788182158.327916,0x120,4,08 ca 30 00
1788182158.4282439,0x120,4,08 fc 31 00
1788182158.5295455,0x120,4,09 2e 32 00
1788182158.6324399,0x120,4,09 60 33 00
1788182158.7327416,0x120,4,09 92 34 00
1788182158.8333635,0x120,4,09 c4 35 00
1788182158.934763,0x120,4,09 f6 36 00
1788182159.0358727,0x120,4,0a 28 37 00
1788182159.1362977,0x120,4,0a 5a 38 00
1788182159.2370262,0x120,4,0a 8c 39 00
1788182159.3378987,0x120,4,0a be 3a 00
1788182159.4384575,0x120,4,0a f0 3b 00
1788182159.5386534,0x120,4,0b 22 3c 00
1788182159.6389537,0x120,4,0b 54 3d 00
1788182159.7393422,0x120,4,0b 86 3e 00
1788182159.841593,0x120,4,0b b8 3f 00
1788182159.9422047,0x120,4,0b ea 40 00
1788182160.0426238,0x120,4,0c 1c 41 00
1788182160.1429813,0x120,4,0c 4e 42 00
1788182160.2433217,0x120,4,0c 80 43 00
1788182160.3436773,0x120,4,0c b2 44 00
1788182160.443938,0x120,4,0c e4 45 00
1788182160.5465605,0x120,4,0d 16 46 00
1788182160.6479526,0x120,4,0d 48 47 00
1788182160.7486815,0x120,4,0d 7a 48 00
1788182160.8498127,0x120,4,0d ac 49 00
1788182160.9508197,0x120,4,0d de 4a 00
1788182161.0511422,0x120,4,0e 10 4b 00
1788182161.1515446,0x120,4,0e 42 4c 00
1788182161.252039,0x120,4,0e 74 4d 00
1788182161.3547482,0x120,4,0e a6 4e 00
